recette_id,equipement_id
09fddb2e3c69d235f02743e01593f535,1
f4a949c09b1741477aaf6e93a021f34b,1
c6124811ac7816bbbf7bb48552fe95aa,1
9d913851b7523ae06ead81e744478b09,1
1bbde49a960a655e1f7b1e975b955d9b,1
37b41da5b220f8366da1b533c4373d9e,1
08d58fe3e216a29cdb9d1647947ec233,1
8e0d9c4c97e6670c7ccd2f9ffdd83092,1
83d364aeadb4a6a5f3591aa4521395c1,1
d203eac61852299bc7b1f54f2b5df515,1
d203eac61852299bc7b1f54f2b5df515,2
fecf622ca882ae30dd85f39a061be0fb,3
c53eff196597ff4de0c651afc758baf6,4
6d1ed772f3cf89ea868828e77cd4b864,4
5f46fdd16dd83a2d56298039cd66c5c2,5
bc67b74526e71d2b8df31959ef66c597,6
35573da163503f747b4d7749b39f58cc,7
9c985852a9cd03d9a63dddfa17f359a9,7
b8d480ed3415bcb7f9b7613973007680,7
52f227cfb8d0be77c0dab60f96a9d37f,7
1bea011483f5c4d5596793f757a39227,7
6a093789059b4610df6dc3153be2175f,7
0b4453472b37724df7158b2476d7cb63,7
cd5959095cbf49fb0426113501ccdced,7
443bfbd1656fef18d93b101efc219ecb,7
2cd928400b77acd6c24939a13219cfaf,7
148063253c99dbb3f37cb70288f074a7,8
5b9c4d777460d2ec2c5d28b3b6e953fc,8
d203eac61852299bc7b1f54f2b5df515,8
bbf074f421304bb22790a70c381b75b1,8
718349f98fff7f272c4bafe1f1cc7938,8
f03efa1b1c452e10724a6661136839a9,8
3c8c02974201ba3ca44ea9b721375481,8
deada1269016ee595c85e906c6621598,8
bbb00d6626fbf69043eb8fbe6596e5fc,8
abb1d68732f006814f3356e8a8748755,8
03e0af67de3284282dc9cc9a10a9b656,8
6a9e55aa2e11f078638609bc7bb9162d,8
ecd39bc14cc63ae24d9ddacd4c60ae5b,8
93ee0ef2cc33c60712a85d14df45dddd,8
f5dff98d7d33a0b9b5c613513324efe0,8
cb3e56e1990b1cf2f46f6995f6986087,8
fc4798652f9a7f70bd611d396717affb,8
75917c04901d187b2fe029d59c803b7d,8
94cfa1c6debd4fb9acde75df8e6b04dc,8
bd40b044a4a425dc1ea78556adf26bbb,8
b6e54f83c7e18af58a3dd80fc8132c00,8
bc9926e4f43e3b003d8c52f0de2aff81,8
0eac620cf8abfecc05b4592613bb0bf1,8
65d18568eb9f721c8b49be8dd7b7dac2,8
3ea21754159802a309521029adabcf2f,8
5ea8ad6006b2df249de2d03ffad7a589,8
a70e6b316dfc19d09a8cb4c520db1086,8
9c2560faac924ee88a0b49d184634735,8
d3df079c001e13fcba601d3977590859,8
9782f0c32ebcacb45147cfa6cd938e7a,8
c86905072470b43c087b8e336e9ca561,8
8f5c815ed7baf07a1ae5f9b01d1d6f88,8
369c508b076cbe9df0a7917727b8a557,8
f6c48e817da4fd7aaded3549d542ca68,8
5719133a190eb1925a50454f8d5e0d69,8
08d58fe3e216a29cdb9d1647947ec233,8
2eb71d945dfed4e4bbf0c5852ae5ed6d,8
04ca635d0fbeabbd635ead59afb1814a,8
e61e7c515c688012604f3c4efe38bb8d,8
87276cc539d9a67b245ed7ed9525532b,8
13daa8b8a5b8d05205f771112fe86a1f,8
fc7500bd2b0d2689a940b3481aadb4c7,8
234daca2adc4f88ff6a333962f89f22e,8
485af202865eedca59f59a37d2aa5f2e,8
35573da163503f747b4d7749b39f58cc,8
fdfd3d44e6552288efc341cb7286ded1,8
e6fde24e7cbb96ace7d184c8f39087be,8
1452312ba4b4b08c162dc0c4a86d3339,8
2c973dfadd20352e1eb0ab192f8ea0c7,8
6a093789059b4610df6dc3153be2175f,8
0bc767e93133f00448f4b09fdccd4da1,8
66c76c0119b4cb8297338e0869e5b889,8
fe146ac4241b330f83e4bdc9b02a1e84,8
9278bc178a718f00f15507428932e469,8
f3bfab8aa35a2028a7bdb63c109f823e,8
a3f6d99dd93fc1d73e3329eee05bda0c,8
03c2bb7b5ac76f727cc760b017669eee,8
d3ebaebf6fe772e8ff6d2f8737b5fb2f,8
58179e1a4e7a723e89f2fd81a17abfa5,8
bf4f77a4e380d87db4e0de88ef8e3495,8
8186eb24352251de60c2e2f433926f2c,8
c6124811ac7816bbbf7bb48552fe95aa,8
afe87c043317f21b16894afef9aaf2bc,8
143641b4881dfe07a08e69d8f2515141,8
cd5959095cbf49fb0426113501ccdced,8
db655158e0dfb7368fa529f8482e638d,8
6da7f7d4a0485504d4e39cc14e43e29d,8
8e4192e5fe2bdf7c154467dbe84724ec,8
9a84654923bc51db9ba4a580e3836722,8
37b92be8e67ed758562bfe44fa3cd110,8
b9324995619b89a360700ac92378873e,8
74c38882e014388a327e9ab0acfe4416,8
b8e33e715186ecf929a709baf54725da,8
29c6ae88c7c4d61c6b8ca40ba3e55f63,8
f91cdf523b87b092df7ffbb0747e0d37,8
ba9ab052b4a0fa25dda8e596b7a29e22,8
52f227cfb8d0be77c0dab60f96a9d37f,8
fc3f95b04b3e10ae201334e36bc156c7,8
9afd0768505274be8502025da2460556,8
72c3f58c5b68bda28afce59862ebce7c,8
ce61527b90aae4162b21a4cdae7435e7,8
4c3f563c92fedc5eae2d5f425780060b,8
42255e867812b16d9e306341923340a7,8
d26b42c34b7a915c66f95368e59389f8,8
db3281722632c08e62cae4c31935a6f5,8
b6c5de95206f04b26c01b6b9812d4e43,8
bab7bc0e7bfee27dc4d0ce64741086f2,8
d83012b02ab36be50f56716ba0303440,8
c0b4407970999e598b59f72c81acc847,8
6561a6202f0163243f30f53e22fae31f,8
3802f1f8e7ef792c99746a2aa5ed273c,8
1bbde49a960a655e1f7b1e975b955d9b,8
fb79a9e5e3afc815d1e91a0182663f2f,8
488e8b6674a5562c9354bde846afd8f1,8
b63aec66352ef77fd7dc298cc4152df6,8
60cf84845f55c2a199d7808152f76bd1,8
ceb154a306fe39fcc15ca2a9ce00f8b0,8
7019f829aa07485fcd539da71d4ca91d,8
8c7f46b92aa05c27039f68e03e835105,8
5ceb227ae04642f03711565eadd5b01c,8
0c556c2f27bd7000aa2627a8f0800303,8
f12fd4e797cea131ae1632c6e9858a16,8
14591e4d815f6c24ca726cd97ea96014,8
9c985852a9cd03d9a63dddfa17f359a9,8
bc67b74526e71d2b8df31959ef66c597,8
90a06446142d56f68b77508e1c35e18b,8
85898afe754fa301b51248ee3a5fc24b,8
df60b1707ceb83967cf35099f98903d5,8
4fe32383916b4608b915a58a50450dd2,8
f68a2f6a1b4bff5d4037bfba2b22fce4,8
97161968b2aae8af5ac6073c05203d32,8
b8d480ed3415bcb7f9b7613973007680,8
48312b33fcfa96980dcb8619648805dd,8
8a80d31a028ce8acff219c58144cf807,8
02613231cce54824ab7e9a7ee15c02d0,8
992e3c9abbe8e82654b8c5223c97705e,8
efb9d9fe0acc8539a1aa3e440c2455e5,8
b290829287ab66be18a3d77515c4c1b4,8
5ec9cf6f052aa7e7359de30c02ab0519,8
3dfaf18fb4d0e8d07fc8913bbd59cbc1,8
bf783bbcdbe214dc0c534b5aaf89586b,8
1bea011483f5c4d5596793f757a39227,8
d2f8a97f6e40359d06237c68dfcc61b9,8
fc64fb476900d874e0a07a5c71239f43,8
70213abca7eabb45d5a24275f0687346,8
5c88d49b6b9e0aa136ffde073cc5eb06,8
88e1f0e99d98f1aa4776a2cb3ee675cf,8
5c20bf64f100a0bcdbc32e103e622edb,8
db372149ad7a0e0cbb2c3c6ee84f9d6b,8
c9108fcf33bd95e4a3b688e99cc97283,8
b6c5de95206f04b26c01b6b9812d4e43,9
d8ff17fc9e28e5dc949ae7db04d39c66,9
0263f0970de564e045bb5c833f8ee215,9
e73022f66925ad75b946930133df1b99,9
393b9d2c16c794d064f1dcb78385280d,9
8fa08494d1735e096c2466abd1a0be21,10
b6c5de95206f04b26c01b6b9812d4e43,10
53a8e33ba90432c02dd93f38286181e7,10
db27a60a75cede279d8112c00fce2fd3,10
fd9804c6ec2c109b03856bbef74708e9,10
576d83ba39a875d073b74a9a5734e59f,10
aede02b54120ff951b1ab251e53e1208,10
a87e0cdbd5c95bc7bc7dfe5fd3c4e0fc,10
b8d480ed3415bcb7f9b7613973007680,10
541777103778f0ce5125f3fd3d5111be,10
2e691dc7f2276eb3c8e0b971759ce141,10
99867a6339050f9865a7f1ed15651774,10
db1c3743f5aca2b30dcf7b4c56b1aea4,10
b290829287ab66be18a3d77515c4c1b4,10
1bea011483f5c4d5596793f757a39227,10
966b0be5c5dcf57626413b7c009051bf,10
3933b54b3541be6a094a23dca6758055,10
e5b290fb49500621e9bd25590e2ea5d5,10
db372149ad7a0e0cbb2c3c6ee84f9d6b,10
b82a2144895002486a7036dd2c92293e,10
488e8b6674a5562c9354bde846afd8f1,10
4d20ce56ce89468c4eae6cc503e4d373,10
68c8cdd8d69a12c8b628991d5900557c,10
a0784844eda3c9d36eb3464f1b7b7b61,10
a401d3823ac68cc6ea1fe2735e99a89d,10
6a7e5aaf54e8ccb2e84cf4148a0093b1,10
586aa8094a5edba91f25e909f2b15897,11
4d20ce56ce89468c4eae6cc503e4d373,11
5b9c4d777460d2ec2c5d28b3b6e953fc,11
db3281722632c08e62cae4c31935a6f5,11
b8e33e715186ecf929a709baf54725da,11
93f8af963c505ebff755a60dcc47b12b,11
5c88d49b6b9e0aa136ffde073cc5eb06,11
078e59c67b82852e48539fa7b4e02ffe,11
db1c3743f5aca2b30dcf7b4c56b1aea4,11
2c2ef6e2231358187fbf6f54160ba498,11
ba9ab052b4a0fa25dda8e596b7a29e22,11
b6e54f83c7e18af58a3dd80fc8132c00,11
f1ec28f249b359d27149ab48d9de2a9e,11
9278bc178a718f00f15507428932e469,11
f4a949c09b1741477aaf6e93a021f34b,11
bc9926e4f43e3b003d8c52f0de2aff81,11
1bea011483f5c4d5596793f757a39227,11
d67da02487c390406f3bbc30a62fa5bd,11
f6c48e817da4fd7aaded3549d542ca68,11
fecf622ca882ae30dd85f39a061be0fb,11
2c973dfadd20352e1eb0ab192f8ea0c7,11
e61e7c515c688012604f3c4efe38bb8d,11
41ea7d8cbcda0696ee6c8fad898b3bb5,11
0660cce887196b4513cc2c30f807f977,11
6da7f7d4a0485504d4e39cc14e43e29d,11
287485923ab6da9e763c2824ed3a4f0e,11
ebf2792eea24e79ce72496fd486b1fc6,11
b3b065df011093b18854b9c89b2311c4,11
29c48ccd4271f00e51a8aa3739da2ff9,11
d83012b02ab36be50f56716ba0303440,12
fcd2b34d0774b85a24337e7ab4310c2f,12
5ceb227ae04642f03711565eadd5b01c,12
576d83ba39a875d073b74a9a5734e59f,12
c673da0f41cf441c645405c86d294bed,12
8fee206f985fdeb1254cd92bb4296beb,12
9c2560faac924ee88a0b49d184634735,12
a87e0cdbd5c95bc7bc7dfe5fd3c4e0fc,12
ea277c15001fe1b01b95f72aebc11f24,12
5c88d49b6b9e0aa136ffde073cc5eb06,12
80bb48c328837804e6c2850c35ae75ed,12
992e3c9abbe8e82654b8c5223c97705e,12
c0b4407970999e598b59f72c81acc847,12
c9108fcf33bd95e4a3b688e99cc97283,12
b63aec66352ef77fd7dc298cc4152df6,12
cb8f61654ee35cd0285855eec7c20da8,12
b6e54f83c7e18af58a3dd80fc8132c00,12
df60b1707ceb83967cf35099f98903d5,12
16c2a4855e44c0f361bdfe9d5f628a2c,12
d67da02487c390406f3bbc30a62fa5bd,12
e14e158763945f838e7f0aa5eb42d678,12
671d863588022ee3228630ae91bf6f09,12
6a093789059b4610df6dc3153be2175f,12
d3ebaebf6fe772e8ff6d2f8737b5fb2f,12
b62493a360cba7921d5d4b86eddbde3f,12
ba9ab052b4a0fa25dda8e596b7a29e22,12
e78ed56d31d3db09aab1b9bb7b423f58,12
4d20ce56ce89468c4eae6cc503e4d373,12
65d18568eb9f721c8b49be8dd7b7dac2,12
27cbdc468fa035233a5e8c0ff34bae68,12
02613231cce54824ab7e9a7ee15c02d0,12
b8a7a871ef1fb33fb4de6a7f0757712e,12
6c1b592d177a4b2e66d9cb71c2b3b857,12
5ea8ad6006b2df249de2d03ffad7a589,12
b8e33e715186ecf929a709baf54725da,12
d75b9d6d8bb176ec0ebaa4ae1d858aa1,12
2c2ef6e2231358187fbf6f54160ba498,12
483fc31556e6c055d70eedb7c113fbda,12
9d913851b7523ae06ead81e744478b09,12
2c973dfadd20352e1eb0ab192f8ea0c7,12
bf783bbcdbe214dc0c534b5aaf89586b,12
f5dff98d7d33a0b9b5c613513324efe0,12
3e6c37b20fd771158822f5f70807e8ba,12
60cf84845f55c2a199d7808152f76bd1,12
7cc30041a6738c7f36261aeaf3eedb81,12
ef997232c53854d89d18f444cf5c8db2,12
718349f98fff7f272c4bafe1f1cc7938,12
13daa8b8a5b8d05205f771112fe86a1f,12
f12fd4e797cea131ae1632c6e9858a16,12
35573da163503f747b4d7749b39f58cc,12
f1ec28f249b359d27149ab48d9de2a9e,12
7019f829aa07485fcd539da71d4ca91d,12
6a9e55aa2e11f078638609bc7bb9162d,12
185e248003e7d655f7e8f6b981b2bc56,12
97161968b2aae8af5ac6073c05203d32,12
03e0af67de3284282dc9cc9a10a9b656,12
70213abca7eabb45d5a24275f0687346,12
2eb71d945dfed4e4bbf0c5852ae5ed6d,12
ce61527b90aae4162b21a4cdae7435e7,12
3e38ddb04affd1c1fd6b34e825e3dc48,12
0bc767e93133f00448f4b09fdccd4da1,12
8a80d31a028ce8acff219c58144cf807,12
fc4798652f9a7f70bd611d396717affb,12
0c556c2f27bd7000aa2627a8f0800303,12
9278bc178a718f00f15507428932e469,12
08d58fe3e216a29cdb9d1647947ec233,12
234daca2adc4f88ff6a333962f89f22e,12
37b92be8e67ed758562bfe44fa3cd110,12
751cc4e749ef7a83ef23eea34b7f8b5f,12
bc9926e4f43e3b003d8c52f0de2aff81,12
b1ddc26e37b4ca7eada41ad390ee2087,12
c86905072470b43c087b8e336e9ca561,12
a3f6d99dd93fc1d73e3329eee05bda0c,12
bf4f77a4e380d87db4e0de88ef8e3495,12
db9019c53bea7df9ec4a2e52a901fa53,12
fc7500bd2b0d2689a940b3481aadb4c7,12
bc67b74526e71d2b8df31959ef66c597,12
8de0fd814bfa3baa6528d1d1ed91ea1e,12
f825f096d86daf5f524280265bca03fe,12
2cd928400b77acd6c24939a13219cfaf,12
b13dd944f18fa01e23723a09786d4ba9,12
72c3f58c5b68bda28afce59862ebce7c,12
d7ee0946406f1fea1839ccd5884474b6,12
e0a6175fb189c1c7946598bc0f28063c,12
90747bc6256e7c37ccf99fdfbe340490,12
639274a16d9fa096fe30eee49e09daf6,12
fc64fb476900d874e0a07a5c71239f43,12
29c48ccd4271f00e51a8aa3739da2ff9,13
03e0af67de3284282dc9cc9a10a9b656,14
b62493a360cba7921d5d4b86eddbde3f,14
f825f096d86daf5f524280265bca03fe,14
9c985852a9cd03d9a63dddfa17f359a9,14
bc67b74526e71d2b8df31959ef66c597,14
a5e8bacf1fab4a38dba2d3c55d75cc1a,15
5ec9cf6f052aa7e7359de30c02ab0519,15
fd9804c6ec2c109b03856bbef74708e9,15
0f4488cc36aa9cd12856a9b431a61f2c,15
6b3fd92b2dee7b7b54616a50388145eb,15
85898afe754fa301b51248ee3a5fc24b,15
b82a2144895002486a7036dd2c92293e,15
393b9d2c16c794d064f1dcb78385280d,15
05aa84ab2bd502425d21a3ad77b75828,15
58179e1a4e7a723e89f2fd81a17abfa5,15
fdfd3d44e6552288efc341cb7286ded1,15
0d24902ad25d6cd260b4c7fb25665fd3,15
99867a6339050f9865a7f1ed15651774,15
68c8cdd8d69a12c8b628991d5900557c,15
8d8fcecb066f2e926421c546900ef59d,15
f1ba91eda3edc3ac925207b6bde578c3,15
4dd9900e0075e817cb9aec0e84d3d0ad,15
9580846df14827435ca54855530f194b,15
d26b42c34b7a915c66f95368e59389f8,15
234daca2adc4f88ff6a333962f89f22e,15
db27a60a75cede279d8112c00fce2fd3,15
047e6d6b68a9c9e91ddcd21ca301aced,15
cbfebd451af9c8d517e0c8d7d02132ab,15
83d364aeadb4a6a5f3591aa4521395c1,15
342ac7440ab576aceb2265760e27ba4a,15
cb3e56e1990b1cf2f46f6995f6986087,15
3e6c37b20fd771158822f5f70807e8ba,15
f68a2f6a1b4bff5d4037bfba2b22fce4,15
ea277c15001fe1b01b95f72aebc11f24,15
a70e6b316dfc19d09a8cb4c520db1086,15
9afd0768505274be8502025da2460556,15
a23baed35b12050fbeb35cd1a943462a,15
2c973dfadd20352e1eb0ab192f8ea0c7,15
9a84654923bc51db9ba4a580e3836722,15
b4a117a19615d1ac50d566bdcac6ef20,15
ebf2792eea24e79ce72496fd486b1fc6,15
db9019c53bea7df9ec4a2e52a901fa53,15
369c508b076cbe9df0a7917727b8a557,15
16c2a4855e44c0f361bdfe9d5f628a2c,15
3c8c02974201ba3ca44ea9b721375481,15
1bea011483f5c4d5596793f757a39227,15
3ea21754159802a309521029adabcf2f,15
97161968b2aae8af5ac6073c05203d32,15
8fee206f985fdeb1254cd92bb4296beb,15
c8e2715a707fd0596f67f7fbda1bdd80,15
e78ed56d31d3db09aab1b9bb7b423f58,15
5b9c4d777460d2ec2c5d28b3b6e953fc,15
72c3f58c5b68bda28afce59862ebce7c,15
185e248003e7d655f7e8f6b981b2bc56,15
d3ebaebf6fe772e8ff6d2f8737b5fb2f,15
fc4798652f9a7f70bd611d396717affb,15
1bbde49a960a655e1f7b1e975b955d9b,15
44de9e78de760ed9050b42f1df0730ea,15
5719133a190eb1925a50454f8d5e0d69,15
ab62931e00e15b7057d8257c8bcd293c,15
7cc30041a6738c7f36261aeaf3eedb81,15
3e38ddb04affd1c1fd6b34e825e3dc48,15
abb1d68732f006814f3356e8a8748755,15
d75b9d6d8bb176ec0ebaa4ae1d858aa1,15
b8d480ed3415bcb7f9b7613973007680,15
29c6ae88c7c4d61c6b8ca40ba3e55f63,15
fc64fb476900d874e0a07a5c71239f43,15
c9108fcf33bd95e4a3b688e99cc97283,15
b6e54f83c7e18af58a3dd80fc8132c00,15
90747bc6256e7c37ccf99fdfbe340490,15
a401d3823ac68cc6ea1fe2735e99a89d,16
b4a117a19615d1ac50d566bdcac6ef20,16
03c2bb7b5ac76f727cc760b017669eee,16
50174d5fddbb46a48cd9092a5487ab55,16
369c508b076cbe9df0a7917727b8a557,16
8fee206f985fdeb1254cd92bb4296beb,16
3933b54b3541be6a094a23dca6758055,16
541777103778f0ce5125f3fd3d5111be,16
d26b42c34b7a915c66f95368e59389f8,16
09fddb2e3c69d235f02743e01593f535,17
ff3866dfcee38e02bedbf67320a128a2,18
0eac620cf8abfecc05b4592613bb0bf1,19
fe4b3ce1106f14d7ea8822ec7406bc42,19
35ea369768c82c81a9535bbc496dd363,19
932b20154a94332a95577c62aa5dcb1f,19
74c38882e014388a327e9ab0acfe4416,19
0660cce887196b4513cc2c30f807f977,19
f6c48e817da4fd7aaded3549d542ca68,19
fc86d0b6635e1abd9975316f98d9cdfc,20
a95dfd3b111f9b87ede736ceea242fe2,20
a87e0cdbd5c95bc7bc7dfe5fd3c4e0fc,20
29c6ae88c7c4d61c6b8ca40ba3e55f63,20
a1f3d41affb0d8779b5c96f56b76385f,20
41ea7d8cbcda0696ee6c8fad898b3bb5,20
bf783bbcdbe214dc0c534b5aaf89586b,20
cb3e56e1990b1cf2f46f6995f6986087,20
8a80d31a028ce8acff219c58144cf807,20
3802f1f8e7ef792c99746a2aa5ed273c,20
bf4f77a4e380d87db4e0de88ef8e3495,20
3ea21754159802a309521029adabcf2f,20
deada1269016ee595c85e906c6621598,20
5ec9cf6f052aa7e7359de30c02ab0519,20
70213abca7eabb45d5a24275f0687346,20
2eb71d945dfed4e4bbf0c5852ae5ed6d,20
50174d5fddbb46a48cd9092a5487ab55,20
9c2560faac924ee88a0b49d184634735,20
9d913851b7523ae06ead81e744478b09,20
c3f914490fa379671ca31138b737e94d,20
fc3f95b04b3e10ae201334e36bc156c7,20
ca729e9441bfcc03a29f0ce550277bc5,20
147464c4a0ebf083c4e9f83c98d100cd,20
46b05f9d99a314b07792741b0bbea28b,20
966b0be5c5dcf57626413b7c009051bf,20
c8e2715a707fd0596f67f7fbda1bdd80,20
df60b1707ceb83967cf35099f98903d5,20
143641b4881dfe07a08e69d8f2515141,20
db3281722632c08e62cae4c31935a6f5,20
29c48ccd4271f00e51a8aa3739da2ff9,20
52f227cfb8d0be77c0dab60f96a9d37f,20
be4ba869d7374708cda4cefb1b5d2c51,20
8f5c815ed7baf07a1ae5f9b01d1d6f88,20
e057897553b97e96aef3d0258f129f99,20
2dbf8b49a4d0dc34c46d991f31e526be,20
fe146ac4241b330f83e4bdc9b02a1e84,20
f1ba91eda3edc3ac925207b6bde578c3,20
541777103778f0ce5125f3fd3d5111be,20
d9eb2ca33554fc7cc972a756a14db433,20
ab62931e00e15b7057d8257c8bcd293c,20
debc57a636cf3cb56807f340810ba749,20
fcd2b34d0774b85a24337e7ab4310c2f,20
639274a16d9fa096fe30eee49e09daf6,20
2e691dc7f2276eb3c8e0b971759ce141,20
ecd39bc14cc63ae24d9ddacd4c60ae5b,20
62c33df4d4a0066d4998ffc944c86f27,20
b8a7a871ef1fb33fb4de6a7f0757712e,20
d9724deb7bc8ea27c6c6213513e09e10,20
5ea8ad6006b2df249de2d03ffad7a589,20
5b9c4d777460d2ec2c5d28b3b6e953fc,20
db9019c53bea7df9ec4a2e52a901fa53,20
ea277c15001fe1b01b95f72aebc11f24,20
0b4453472b37724df7158b2476d7cb63,20
83314ab536f2af2ed81fb2c72ed64a27,20
c673da0f41cf441c645405c86d294bed,20
c53eff196597ff4de0c651afc758baf6,20
35573da163503f747b4d7749b39f58cc,20
9afd0768505274be8502025da2460556,20
fc64fb476900d874e0a07a5c71239f43,20
0d24902ad25d6cd260b4c7fb25665fd3,20
8c7f46b92aa05c27039f68e03e835105,20
443bfbd1656fef18d93b101efc219ecb,20
ce61527b90aae4162b21a4cdae7435e7,20
dce7c43ed563bf20727cc3dc8600226a,20
6da7f7d4a0485504d4e39cc14e43e29d,20
fdfd3d44e6552288efc341cb7286ded1,20
0f4488cc36aa9cd12856a9b431a61f2c,20
d75b9d6d8bb176ec0ebaa4ae1d858aa1,20
e78ed56d31d3db09aab1b9bb7b423f58,20
1bbde49a960a655e1f7b1e975b955d9b,20
a23baed35b12050fbeb35cd1a943462a,20
e3cbd0940d6d7c9d0602e48b3ba23e76,20
3233892ca2066afcde3197c9956a4374,20
b4a117a19615d1ac50d566bdcac6ef20,20
53a8e33ba90432c02dd93f38286181e7,20
db27a60a75cede279d8112c00fce2fd3,20
a70e6b316dfc19d09a8cb4c520db1086,20
8e0d9c4c97e6670c7ccd2f9ffdd83092,20
5155a1b02d84cf60b1ef7df0236d923c,20
7cc30041a6738c7f36261aeaf3eedb81,20
aede02b54120ff951b1ab251e53e1208,20
d203eac61852299bc7b1f54f2b5df515,20
483fc31556e6c055d70eedb7c113fbda,20
3680ffaec21ed229a6984d51efcbcf4c,20
f5252e6b2e62c8e9405fa54365ce6f9b,20
078e59c67b82852e48539fa7b4e02ffe,20
0263f0970de564e045bb5c833f8ee215,20
05aa84ab2bd502425d21a3ad77b75828,20
5719133a190eb1925a50454f8d5e0d69,20
b62493a360cba7921d5d4b86eddbde3f,20
58179e1a4e7a723e89f2fd81a17abfa5,20
8de0fd814bfa3baa6528d1d1ed91ea1e,20
65d18568eb9f721c8b49be8dd7b7dac2,20
80bb48c328837804e6c2850c35ae75ed,20
b290829287ab66be18a3d77515c4c1b4,20
c9108fcf33bd95e4a3b688e99cc97283,20
d8ff17fc9e28e5dc949ae7db04d39c66,20
d690e60b66b6dde75411f1f7378d3b08,20
8d8fcecb066f2e926421c546900ef59d,20
6a7e5aaf54e8ccb2e84cf4148a0093b1,20
cb8f61654ee35cd0285855eec7c20da8,20
c925c36594d2508f51735d19d94601e1,20
308999fa0b2033b4138ba4cbc9af6828,20
9278bc178a718f00f15507428932e469,20
fd9804c6ec2c109b03856bbef74708e9,20
f68a2f6a1b4bff5d4037bfba2b22fce4,20
cd5959095cbf49fb0426113501ccdced,20
6561a6202f0163243f30f53e22fae31f,20
afe87c043317f21b16894afef9aaf2bc,20
db372149ad7a0e0cbb2c3c6ee84f9d6b,20
16e56f83ddbded506796883cd4047bbf,20
8fee206f985fdeb1254cd92bb4296beb,20
185e248003e7d655f7e8f6b981b2bc56,20
a35eaaf00df62201de3add8f7797a168,20
c6124811ac7816bbbf7bb48552fe95aa,20
b20d77cb280861b2d1a868349d7bc9ea,20
717178a64f8aa02a2930c427226fa14e,20
4a03a0b484559e9bb4d6f02b2539696c,20
03e0af67de3284282dc9cc9a10a9b656,20
8e4192e5fe2bdf7c154467dbe84724ec,20
8186eb24352251de60c2e2f433926f2c,20
85898afe754fa301b51248ee3a5fc24b,20
83d364aeadb4a6a5f3591aa4521395c1,20
97161968b2aae8af5ac6073c05203d32,20
a0784844eda3c9d36eb3464f1b7b7b61,20
bed676c1e334971abe99d12f791979dc,20
d2f8a97f6e40359d06237c68dfcc61b9,20
b6c5de95206f04b26c01b6b9812d4e43,20
369c508b076cbe9df0a7917727b8a557,20
586aa8094a5edba91f25e909f2b15897,20
93ee0ef2cc33c60712a85d14df45dddd,20
13daa8b8a5b8d05205f771112fe86a1f,20
bc9926e4f43e3b003d8c52f0de2aff81,20
f825f096d86daf5f524280265bca03fe,20
a401d3823ac68cc6ea1fe2735e99a89d,20
0d24902ad25d6cd260b4c7fb25665fd3,21
5ec9cf6f052aa7e7359de30c02ab0519,21
44de9e78de760ed9050b42f1df0730ea,21
d203eac61852299bc7b1f54f2b5df515,21
4fc36c60de093a5f74dbd85094cfe749,21
90747bc6256e7c37ccf99fdfbe340490,21
9afd0768505274be8502025da2460556,21
3933b54b3541be6a094a23dca6758055,21
b34c74cc98016542fecc4114ee781b2e,21
6d13862f107e29b4b2ea83f824304ad9,21
d7ee0946406f1fea1839ccd5884474b6,21
37b92be8e67ed758562bfe44fa3cd110,21
e78ed56d31d3db09aab1b9bb7b423f58,21
a87e0cdbd5c95bc7bc7dfe5fd3c4e0fc,21
fc4798652f9a7f70bd611d396717affb,21
08d58fe3e216a29cdb9d1647947ec233,21
bab7bc0e7bfee27dc4d0ce64741086f2,21
f825f096d86daf5f524280265bca03fe,21
2dbf8b49a4d0dc34c46d991f31e526be,21
8e0d9c4c97e6670c7ccd2f9ffdd83092,21
bf783bbcdbe214dc0c534b5aaf89586b,21
f5252e6b2e62c8e9405fa54365ce6f9b,21
3233892ca2066afcde3197c9956a4374,21
53dd9fd99f943015a009a48bab796c34,21
e14e158763945f838e7f0aa5eb42d678,21
8f5c815ed7baf07a1ae5f9b01d1d6f88,21
b8a7a871ef1fb33fb4de6a7f0757712e,21
bc6140fd7490136b5cd2301be7c32f2c,21
0b4453472b37724df7158b2476d7cb63,21
90a06446142d56f68b77508e1c35e18b,21
ecd39bc14cc63ae24d9ddacd4c60ae5b,21
2c2ef6e2231358187fbf6f54160ba498,21
9d913851b7523ae06ead81e744478b09,21
0c556c2f27bd7000aa2627a8f0800303,21
9887eb93f4cefff6959e2d55250114de,21
9bfa831225bf6c6d422d8daa47820485,21
e61e7c515c688012604f3c4efe38bb8d,21
d75b9d6d8bb176ec0ebaa4ae1d858aa1,21
99867a6339050f9865a7f1ed15651774,21
58179e1a4e7a723e89f2fd81a17abfa5,21
c3b1a2dde673f5b47e7bc4ca95d95e2a,21
37b41da5b220f8366da1b533c4373d9e,21
b20d77cb280861b2d1a868349d7bc9ea,21
83d364aeadb4a6a5f3591aa4521395c1,21
9a84654923bc51db9ba4a580e3836722,21
70213abca7eabb45d5a24275f0687346,21
369c508b076cbe9df0a7917727b8a557,21
bf4f77a4e380d87db4e0de88ef8e3495,21
85898afe754fa301b51248ee3a5fc24b,21
ef8ecdfa75f46eb9ffde0fb1905f31f4,21
97161968b2aae8af5ac6073c05203d32,21
ceb154a306fe39fcc15ca2a9ce00f8b0,21
fc86d0b6635e1abd9975316f98d9cdfc,21
c86905072470b43c087b8e336e9ca561,21
7cc30041a6738c7f36261aeaf3eedb81,21
5719133a190eb1925a50454f8d5e0d69,21
a401d3823ac68cc6ea1fe2735e99a89d,21
6bd84c4855a1f19da15bd99e42263810,21
3d297a900683427902ae4b71492c0274,21
db27a60a75cede279d8112c00fce2fd3,21
d91ee6bdf618439846d0d761542fdacf,21
f68a2f6a1b4bff5d4037bfba2b22fce4,21
5c20bf64f100a0bcdbc32e103e622edb,21
df60b1707ceb83967cf35099f98903d5,21
1bea011483f5c4d5596793f757a39227,21
c8cdec62c6d5c62b5242ddc1c0b5accc,21
9bfde6fbdb827b750c8b3e4550168322,21
b4a117a19615d1ac50d566bdcac6ef20,21
cbfebd451af9c8d517e0c8d7d02132ab,21
1366f45e2d19195876ca3c6076855fdc,21
b62493a360cba7921d5d4b86eddbde3f,21
88e1f0e99d98f1aa4776a2cb3ee675cf,21
c3f914490fa379671ca31138b737e94d,21
16c2a4855e44c0f361bdfe9d5f628a2c,21
b6e54f83c7e18af58a3dd80fc8132c00,22
bf783bbcdbe214dc0c534b5aaf89586b,22
b34c74cc98016542fecc4114ee781b2e,22
d2f8a97f6e40359d06237c68dfcc61b9,22
fc86d0b6635e1abd9975316f98d9cdfc,22
68c8cdd8d69a12c8b628991d5900557c,22
c9108fcf33bd95e4a3b688e99cc97283,22
e61e7c515c688012604f3c4efe38bb8d,22
db27a60a75cede279d8112c00fce2fd3,22
2c2ef6e2231358187fbf6f54160ba498,22
aede02b54120ff951b1ab251e53e1208,22
2c973dfadd20352e1eb0ab192f8ea0c7,22
c8e2715a707fd0596f67f7fbda1bdd80,22
308999fa0b2033b4138ba4cbc9af6828,22
8de0fd814bfa3baa6528d1d1ed91ea1e,22
3ea21754159802a309521029adabcf2f,22
53a8e33ba90432c02dd93f38286181e7,22
f91cdf523b87b092df7ffbb0747e0d37,22
02613231cce54824ab7e9a7ee15c02d0,22
c53eff196597ff4de0c651afc758baf6,22
d203eac61852299bc7b1f54f2b5df515,22
6a093789059b4610df6dc3153be2175f,22
6da7f7d4a0485504d4e39cc14e43e29d,22
8a80d31a028ce8acff219c58144cf807,22
9afd0768505274be8502025da2460556,22
c6097de41e0d0c6473784a0ff076c1d2,22
fd9804c6ec2c109b03856bbef74708e9,22
0eac620cf8abfecc05b4592613bb0bf1,22
143641b4881dfe07a08e69d8f2515141,22
d67da02487c390406f3bbc30a62fa5bd,22
a70e6b316dfc19d09a8cb4c520db1086,22
8f5c815ed7baf07a1ae5f9b01d1d6f88,22
db1c3743f5aca2b30dcf7b4c56b1aea4,22
fc64fb476900d874e0a07a5c71239f43,22
040ace30513cc49ca4dbd0279f27fe49,22
f5252e6b2e62c8e9405fa54365ce6f9b,22
b20d77cb280861b2d1a868349d7bc9ea,22
83314ab536f2af2ed81fb2c72ed64a27,22
c0b4407970999e598b59f72c81acc847,22
bf4f77a4e380d87db4e0de88ef8e3495,22
c3f914490fa379671ca31138b737e94d,22
41ea7d8cbcda0696ee6c8fad898b3bb5,22
483fc31556e6c055d70eedb7c113fbda,22
16c2a4855e44c0f361bdfe9d5f628a2c,22
f68a2f6a1b4bff5d4037bfba2b22fce4,22
70213abca7eabb45d5a24275f0687346,22
5b9c4d777460d2ec2c5d28b3b6e953fc,22
5ec9cf6f052aa7e7359de30c02ab0519,22
0f4488cc36aa9cd12856a9b431a61f2c,22
e6fde24e7cbb96ace7d184c8f39087be,22
4fc36c60de093a5f74dbd85094cfe749,22
d7ee0946406f1fea1839ccd5884474b6,22
74c38882e014388a327e9ab0acfe4416,22
0263f0970de564e045bb5c833f8ee215,22
ef997232c53854d89d18f444cf5c8db2,22
b8a7a871ef1fb33fb4de6a7f0757712e,22
b63aec66352ef77fd7dc298cc4152df6,22
3dfaf18fb4d0e8d07fc8913bbd59cbc1,22
bc9926e4f43e3b003d8c52f0de2aff81,22
8c7f46b92aa05c27039f68e03e835105,22
9278bc178a718f00f15507428932e469,22
05aa84ab2bd502425d21a3ad77b75828,22
724d686e84c6115f1b8b3e81de621774,22
74578be5e21f87084d83035e123ea1d3,22
14591e4d815f6c24ca726cd97ea96014,22
b3b065df011093b18854b9c89b2311c4,22
e78ed56d31d3db09aab1b9bb7b423f58,22
29c48ccd4271f00e51a8aa3739da2ff9,22
62c33df4d4a0066d4998ffc944c86f27,22
342ac7440ab576aceb2265760e27ba4a,22
bef08ec28f787501e3369a79b02e3893,22
a95dfd3b111f9b87ede736ceea242fe2,22
88e1f0e99d98f1aa4776a2cb3ee675cf,22
85898afe754fa301b51248ee3a5fc24b,22
db9019c53bea7df9ec4a2e52a901fa53,22
35573da163503f747b4d7749b39f58cc,22
2e79e0ae9cb63657a1a1923c98b6fe07,22
148063253c99dbb3f37cb70288f074a7,22
29c6ae88c7c4d61c6b8ca40ba3e55f63,22
fe146ac4241b330f83e4bdc9b02a1e84,22
80bb48c328837804e6c2850c35ae75ed,22
d83012b02ab36be50f56716ba0303440,22
541777103778f0ce5125f3fd3d5111be,22
fecf622ca882ae30dd85f39a061be0fb,22
4ba8a3f4ac8d5615d40860ac503ab788,22
a1f3d41affb0d8779b5c96f56b76385f,22
d26b42c34b7a915c66f95368e59389f8,22
fcd2b34d0774b85a24337e7ab4310c2f,22
0b4453472b37724df7158b2476d7cb63,22
f6c48e817da4fd7aaded3549d542ca68,22
bab7bc0e7bfee27dc4d0ce64741086f2,22
5c20bf64f100a0bcdbc32e103e622edb,22
ea277c15001fe1b01b95f72aebc11f24,22
90a06446142d56f68b77508e1c35e18b,22
d91ee6bdf618439846d0d761542fdacf,22
bc6140fd7490136b5cd2301be7c32f2c,22
6a7e5aaf54e8ccb2e84cf4148a0093b1,22
bc67b74526e71d2b8df31959ef66c597,22
3e38ddb04affd1c1fd6b34e825e3dc48,22
f03efa1b1c452e10724a6661136839a9,22
29c6ae88c7c4d61c6b8ca40ba3e55f63,23
4c3f563c92fedc5eae2d5f425780060b,23
483fc31556e6c055d70eedb7c113fbda,23
db655158e0dfb7368fa529f8482e638d,23
b62493a360cba7921d5d4b86eddbde3f,23
c2d72ea85fd569083be435ef50147f5a,23
342ac7440ab576aceb2265760e27ba4a,23
b8e33e715186ecf929a709baf54725da,23
d2f8a97f6e40359d06237c68dfcc61b9,23
37b92be8e67ed758562bfe44fa3cd110,23
bef08ec28f787501e3369a79b02e3893,23
8e0d9c4c97e6670c7ccd2f9ffdd83092,23
9bfde6fbdb827b750c8b3e4550168322,23
f5dff98d7d33a0b9b5c613513324efe0,24
29c48ccd4271f00e51a8aa3739da2ff9,25
d8ff17fc9e28e5dc949ae7db04d39c66,25
4a03a0b484559e9bb4d6f02b2539696c,25
ce809bf4b7eb552ec3b81cc75f03a571,25
8a80d31a028ce8acff219c58144cf807,25
6379e20cc57751787ac5e471731cc467,25
ab62931e00e15b7057d8257c8bcd293c,25
db27a60a75cede279d8112c00fce2fd3,25
c8cdec62c6d5c62b5242ddc1c0b5accc,25
fc64fb476900d874e0a07a5c71239f43,25
09fddb2e3c69d235f02743e01593f535,25
74578be5e21f87084d83035e123ea1d3,25
9bfde6fbdb827b750c8b3e4550168322,25
b62493a360cba7921d5d4b86eddbde3f,25
9887eb93f4cefff6959e2d55250114de,25
a1f3d41affb0d8779b5c96f56b76385f,25
cd5959095cbf49fb0426113501ccdced,25
ef8ecdfa75f46eb9ffde0fb1905f31f4,25
f4a949c09b1741477aaf6e93a021f34b,25
e0a6175fb189c1c7946598bc0f28063c,25
a5e8bacf1fab4a38dba2d3c55d75cc1a,25
724d686e84c6115f1b8b3e81de621774,25
a87e0cdbd5c95bc7bc7dfe5fd3c4e0fc,25
3e6c37b20fd771158822f5f70807e8ba,25
0263f0970de564e045bb5c833f8ee215,25
d67da02487c390406f3bbc30a62fa5bd,25
c8e2715a707fd0596f67f7fbda1bdd80,25
c9108fcf33bd95e4a3b688e99cc97283,25
c3f914490fa379671ca31138b737e94d,25
9a84654923bc51db9ba4a580e3836722,25
040ace30513cc49ca4dbd0279f27fe49,25
db9019c53bea7df9ec4a2e52a901fa53,25
90ffd134ad22f387bf93b1e3f4b9c478,25
8e0d9c4c97e6670c7ccd2f9ffdd83092,25
dce7c43ed563bf20727cc3dc8600226a,25
6b3fd92b2dee7b7b54616a50388145eb,25
d7ee0946406f1fea1839ccd5884474b6,25
369c508b076cbe9df0a7917727b8a557,25
717178a64f8aa02a2930c427226fa14e,25
2dbf8b49a4d0dc34c46d991f31e526be,25
debc57a636cf3cb56807f340810ba749,25
483fc31556e6c055d70eedb7c113fbda,25
287485923ab6da9e763c2824ed3a4f0e,25
fe146ac4241b330f83e4bdc9b02a1e84,25
c925c36594d2508f51735d19d94601e1,25
b6c5de95206f04b26c01b6b9812d4e43,25
88e1f0e99d98f1aa4776a2cb3ee675cf,25
a35eaaf00df62201de3add8f7797a168,25
bab7bc0e7bfee27dc4d0ce64741086f2,25
b20d77cb280861b2d1a868349d7bc9ea,25
6d1ed772f3cf89ea868828e77cd4b864,25
0d24902ad25d6cd260b4c7fb25665fd3,25
e057897553b97e96aef3d0258f129f99,25
c2d72ea85fd569083be435ef50147f5a,25
62c33df4d4a0066d4998ffc944c86f27,25
a533238c0a594c8e5b609458ba1fbdae,25
99867a6339050f9865a7f1ed15651774,25
c6097de41e0d0c6473784a0ff076c1d2,25
5ea8ad6006b2df249de2d03ffad7a589,25
db372149ad7a0e0cbb2c3c6ee84f9d6b,25
29c6ae88c7c4d61c6b8ca40ba3e55f63,25
bef08ec28f787501e3369a79b02e3893,25
8d8fcecb066f2e926421c546900ef59d,26
5c20bf64f100a0bcdbc32e103e622edb,26
72c3f58c5b68bda28afce59862ebce7c,26
b3b065df011093b18854b9c89b2311c4,26
cbfebd451af9c8d517e0c8d7d02132ab,26
03e0af67de3284282dc9cc9a10a9b656,27
cd5959095cbf49fb0426113501ccdced,27
03e0af67de3284282dc9cc9a10a9b656,28
90a06446142d56f68b77508e1c35e18b,28
3e38ddb04affd1c1fd6b34e825e3dc48,28
992e3c9abbe8e82654b8c5223c97705e,28
14591e4d815f6c24ca726cd97ea96014,28
ebf2792eea24e79ce72496fd486b1fc6,28
5719133a190eb1925a50454f8d5e0d69,28
9bfa831225bf6c6d422d8daa47820485,28
29c48ccd4271f00e51a8aa3739da2ff9,28
d26b42c34b7a915c66f95368e59389f8,28
0a563eedb710fe759f6631012a2415a1,28
d3df079c001e13fcba601d3977590859,28
483fc31556e6c055d70eedb7c113fbda,28
b6e54f83c7e18af58a3dd80fc8132c00,28
b62493a360cba7921d5d4b86eddbde3f,28
143641b4881dfe07a08e69d8f2515141,28
48312b33fcfa96980dcb8619648805dd,28
6a9e55aa2e11f078638609bc7bb9162d,28
04ca635d0fbeabbd635ead59afb1814a,28
1452312ba4b4b08c162dc0c4a86d3339,28
2c973dfadd20352e1eb0ab192f8ea0c7,28
9278bc178a718f00f15507428932e469,28
2c2ef6e2231358187fbf6f54160ba498,28
5ea8ad6006b2df249de2d03ffad7a589,28
bc9926e4f43e3b003d8c52f0de2aff81,28
b290829287ab66be18a3d77515c4c1b4,28
e057897553b97e96aef3d0258f129f99,29
02613231cce54824ab7e9a7ee15c02d0,29
03c2bb7b5ac76f727cc760b017669eee,29
fc86d0b6635e1abd9975316f98d9cdfc,29
a5e8bacf1fab4a38dba2d3c55d75cc1a,29
cec5c31dbd2661e68506516101624f73,29
047e6d6b68a9c9e91ddcd21ca301aced,29
93ee0ef2cc33c60712a85d14df45dddd,29
f1a488429dc71411eb07822f291afee6,29
46b05f9d99a314b07792741b0bbea28b,29
393b9d2c16c794d064f1dcb78385280d,29
c3b1a2dde673f5b47e7bc4ca95d95e2a,29
3e38ddb04affd1c1fd6b34e825e3dc48,29
a35eaaf00df62201de3add8f7797a168,29
c6097de41e0d0c6473784a0ff076c1d2,29
db1c3743f5aca2b30dcf7b4c56b1aea4,29
fe146ac4241b330f83e4bdc9b02a1e84,29
2e79e0ae9cb63657a1a1923c98b6fe07,29
9d913851b7523ae06ead81e744478b09,29
443bfbd1656fef18d93b101efc219ecb,29
97161968b2aae8af5ac6073c05203d32,29
debc57a636cf3cb56807f340810ba749,29
bf783bbcdbe214dc0c534b5aaf89586b,29
e3cbd0940d6d7c9d0602e48b3ba23e76,29
992e3c9abbe8e82654b8c5223c97705e,29
a0784844eda3c9d36eb3464f1b7b7b61,29
b20d77cb280861b2d1a868349d7bc9ea,29
42255e867812b16d9e306341923340a7,29
488e8b6674a5562c9354bde846afd8f1,29
718349f98fff7f272c4bafe1f1cc7938,29
308999fa0b2033b4138ba4cbc9af6828,29
fd9804c6ec2c109b03856bbef74708e9,29
b463d730c390cf3d2ab84a646ace1770,29
0c556c2f27bd7000aa2627a8f0800303,29
8e0d9c4c97e6670c7ccd2f9ffdd83092,29
751cc4e749ef7a83ef23eea34b7f8b5f,29
deada1269016ee595c85e906c6621598,29
1bbde49a960a655e1f7b1e975b955d9b,29
ceb154a306fe39fcc15ca2a9ce00f8b0,29
717178a64f8aa02a2930c427226fa14e,29
b4a117a19615d1ac50d566bdcac6ef20,29
afe87c043317f21b16894afef9aaf2bc,29
bc9926e4f43e3b003d8c52f0de2aff81,29
d203eac61852299bc7b1f54f2b5df515,29
287485923ab6da9e763c2824ed3a4f0e,29
4fc36c60de093a5f74dbd85094cfe749,29
8c7f46b92aa05c27039f68e03e835105,29
bd40b044a4a425dc1ea78556adf26bbb,29
58179e1a4e7a723e89f2fd81a17abfa5,29
53a8e33ba90432c02dd93f38286181e7,29
e5b290fb49500621e9bd25590e2ea5d5,29
9278bc178a718f00f15507428932e469,29
90747bc6256e7c37ccf99fdfbe340490,29
e6fde24e7cbb96ace7d184c8f39087be,29
712ca2fd6d29e46cfe98cb62aa6e4166,29
2cd928400b77acd6c24939a13219cfaf,29
fecf622ca882ae30dd85f39a061be0fb,29
7019f829aa07485fcd539da71d4ca91d,29
13daa8b8a5b8d05205f771112fe86a1f,29
35573da163503f747b4d7749b39f58cc,29
2c2ef6e2231358187fbf6f54160ba498,29
8186eb24352251de60c2e2f433926f2c,29
c2d72ea85fd569083be435ef50147f5a,29
f5252e6b2e62c8e9405fa54365ce6f9b,29
e73022f66925ad75b946930133df1b99,29
9887eb93f4cefff6959e2d55250114de,29
8e4192e5fe2bdf7c154467dbe84724ec,29
efb9d9fe0acc8539a1aa3e440c2455e5,29
6561a6202f0163243f30f53e22fae31f,29
bef08ec28f787501e3369a79b02e3893,29
09fddb2e3c69d235f02743e01593f535,29
d9724deb7bc8ea27c6c6213513e09e10,29
dce7c43ed563bf20727cc3dc8600226a,29
74578be5e21f87084d83035e123ea1d3,29
fc3f95b04b3e10ae201334e36bc156c7,29
f4a949c09b1741477aaf6e93a021f34b,29
b63aec66352ef77fd7dc298cc4152df6,29
94ecc1332249fc457842aa1f411a86f0,29
5ec9cf6f052aa7e7359de30c02ab0519,29
83d364aeadb4a6a5f3591aa4521395c1,29
3233892ca2066afcde3197c9956a4374,29
bea77e3fdabc75a638b7633f2e565d97,29
0263f0970de564e045bb5c833f8ee215,29
6da7f7d4a0485504d4e39cc14e43e29d,29
5c88d49b6b9e0aa136ffde073cc5eb06,29
c925c36594d2508f51735d19d94601e1,29
8fee206f985fdeb1254cd92bb4296beb,29
8f5c815ed7baf07a1ae5f9b01d1d6f88,29
03e0af67de3284282dc9cc9a10a9b656,29
8de0fd814bfa3baa6528d1d1ed91ea1e,29
6a9e55aa2e11f078638609bc7bb9162d,29
c86905072470b43c087b8e336e9ca561,29
90a06446142d56f68b77508e1c35e18b,29
87276cc539d9a67b245ed7ed9525532b,29
b1ddc26e37b4ca7eada41ad390ee2087,29
ca729e9441bfcc03a29f0ce550277bc5,29
b82a2144895002486a7036dd2c92293e,29
c9108fcf33bd95e4a3b688e99cc97283,29
bed676c1e334971abe99d12f791979dc,29
be4ba869d7374708cda4cefb1b5d2c51,29
1452312ba4b4b08c162dc0c4a86d3339,29
37b41da5b220f8366da1b533c4373d9e,29
485af202865eedca59f59a37d2aa5f2e,29
db372149ad7a0e0cbb2c3c6ee84f9d6b,29
be6245a5e9deeb86fa238eb3461e8ba2,29
2eb71d945dfed4e4bbf0c5852ae5ed6d,29
fcd2b34d0774b85a24337e7ab4310c2f,29
8fa08494d1735e096c2466abd1a0be21,29
b34c74cc98016542fecc4114ee781b2e,29
b290829287ab66be18a3d77515c4c1b4,29
08d58fe3e216a29cdb9d1647947ec233,29
bab7bc0e7bfee27dc4d0ce64741086f2,29
c6124811ac7816bbbf7bb48552fe95aa,29
b6c5de95206f04b26c01b6b9812d4e43,29
99867a6339050f9865a7f1ed15651774,29
3c8c02974201ba3ca44ea9b721375481,29
ef8ecdfa75f46eb9ffde0fb1905f31f4,29
ecd39bc14cc63ae24d9ddacd4c60ae5b,29
ce809bf4b7eb552ec3b81cc75f03a571,29
d9eb2ca33554fc7cc972a756a14db433,29
5719133a190eb1925a50454f8d5e0d69,29
90ffd134ad22f387bf93b1e3f4b9c478,29
586aa8094a5edba91f25e909f2b15897,29
185e248003e7d655f7e8f6b981b2bc56,29
44de9e78de760ed9050b42f1df0730ea,29
b6c5de95206f04b26c01b6b9812d4e43,30
74578be5e21f87084d83035e123ea1d3,30
46b05f9d99a314b07792741b0bbea28b,30
db1c3743f5aca2b30dcf7b4c56b1aea4,30
3c8c02974201ba3ca44ea9b721375481,30
2e79e0ae9cb63657a1a1923c98b6fe07,30
d690e60b66b6dde75411f1f7378d3b08,30
03e0af67de3284282dc9cc9a10a9b656,30
e78ed56d31d3db09aab1b9bb7b423f58,30
c925c36594d2508f51735d19d94601e1,30
1452312ba4b4b08c162dc0c4a86d3339,30
8e0d9c4c97e6670c7ccd2f9ffdd83092,30
393b9d2c16c794d064f1dcb78385280d,30
be6245a5e9deeb86fa238eb3461e8ba2,30
fc86d0b6635e1abd9975316f98d9cdfc,30
8fee206f985fdeb1254cd92bb4296beb,30
b34c74cc98016542fecc4114ee781b2e,30
29c6ae88c7c4d61c6b8ca40ba3e55f63,30
b4a117a19615d1ac50d566bdcac6ef20,30
047e6d6b68a9c9e91ddcd21ca301aced,30
9278bc178a718f00f15507428932e469,30
932b20154a94332a95577c62aa5dcb1f,30
02613231cce54824ab7e9a7ee15c02d0,30
90a06446142d56f68b77508e1c35e18b,30
4d20ce56ce89468c4eae6cc503e4d373,31
14591e4d815f6c24ca726cd97ea96014,31
03e0af67de3284282dc9cc9a10a9b656,31
2cd928400b77acd6c24939a13219cfaf,32
ceb154a306fe39fcc15ca2a9ce00f8b0,32
f1ba91eda3edc3ac925207b6bde578c3,32
fb79a9e5e3afc815d1e91a0182663f2f,32
f03efa1b1c452e10724a6661136839a9,32
deada1269016ee595c85e906c6621598,32
3e38ddb04affd1c1fd6b34e825e3dc48,32
078e59c67b82852e48539fa7b4e02ffe,32
147464c4a0ebf083c4e9f83c98d100cd,32
fc86d0b6635e1abd9975316f98d9cdfc,33
a1f3d41affb0d8779b5c96f56b76385f,34
1bbde49a960a655e1f7b1e975b955d9b,35
5b9c4d777460d2ec2c5d28b3b6e953fc,36
bc6140fd7490136b5cd2301be7c32f2c,36
a87e0cdbd5c95bc7bc7dfe5fd3c4e0fc,36
966b0be5c5dcf57626413b7c009051bf,36
14591e4d815f6c24ca726cd97ea96014,36
8a80d31a028ce8acff219c58144cf807,36
2e691dc7f2276eb3c8e0b971759ce141,36
be4ba869d7374708cda4cefb1b5d2c51,36
04ca635d0fbeabbd635ead59afb1814a,36
5719133a190eb1925a50454f8d5e0d69,36
42255e867812b16d9e306341923340a7,36
d3df079c001e13fcba601d3977590859,36
576d83ba39a875d073b74a9a5734e59f,36
68c8cdd8d69a12c8b628991d5900557c,37
6bd84c4855a1f19da15bd99e42263810,37
2e691dc7f2276eb3c8e0b971759ce141,37
148063253c99dbb3f37cb70288f074a7,37
50174d5fddbb46a48cd9092a5487ab55,37
b62493a360cba7921d5d4b86eddbde3f,38
fe4b3ce1106f14d7ea8822ec7406bc42,38
b3b065df011093b18854b9c89b2311c4,38
d2f8a97f6e40359d06237c68dfcc61b9,38
6b3fd92b2dee7b7b54616a50388145eb,38
53dd9fd99f943015a009a48bab796c34,38
52f227cfb8d0be77c0dab60f96a9d37f,39
b1ddc26e37b4ca7eada41ad390ee2087,39
3933b54b3541be6a094a23dca6758055,40
f6c48e817da4fd7aaded3549d542ca68,40
16e56f83ddbded506796883cd4047bbf,40
a23baed35b12050fbeb35cd1a943462a,40
9a84654923bc51db9ba4a580e3836722,40
0f4488cc36aa9cd12856a9b431a61f2c,40
369c508b076cbe9df0a7917727b8a557,40
576d83ba39a875d073b74a9a5734e59f,40
3ea21754159802a309521029adabcf2f,40
58179e1a4e7a723e89f2fd81a17abfa5,40
9bfa831225bf6c6d422d8daa47820485,40
0eac620cf8abfecc05b4592613bb0bf1,40
3d297a900683427902ae4b71492c0274,40
5ec9cf6f052aa7e7359de30c02ab0519,40
a87e0cdbd5c95bc7bc7dfe5fd3c4e0fc,40
b6e54f83c7e18af58a3dd80fc8132c00,40
9bfde6fbdb827b750c8b3e4550168322,40
99867a6339050f9865a7f1ed15651774,40
5b9c4d777460d2ec2c5d28b3b6e953fc,40
2e691dc7f2276eb3c8e0b971759ce141,40
3e6c37b20fd771158822f5f70807e8ba,40
966b0be5c5dcf57626413b7c009051bf,40
f68a2f6a1b4bff5d4037bfba2b22fce4,40
ea277c15001fe1b01b95f72aebc11f24,41
6561a6202f0163243f30f53e22fae31f,41
35573da163503f747b4d7749b39f58cc,41
d203eac61852299bc7b1f54f2b5df515,41
88e1f0e99d98f1aa4776a2cb3ee675cf,41
966b0be5c5dcf57626413b7c009051bf,41
bc9926e4f43e3b003d8c52f0de2aff81,41
b62493a360cba7921d5d4b86eddbde3f,41
a0784844eda3c9d36eb3464f1b7b7b61,41
46b05f9d99a314b07792741b0bbea28b,41
8c7f46b92aa05c27039f68e03e835105,41
1af18d85d8c5061312f6bec1e0c5603a,41
bed676c1e334971abe99d12f791979dc,41
c673da0f41cf441c645405c86d294bed,41
7cc30041a6738c7f36261aeaf3eedb81,41
bbf074f421304bb22790a70c381b75b1,41
a23baed35b12050fbeb35cd1a943462a,41
308999fa0b2033b4138ba4cbc9af6828,41
576d83ba39a875d073b74a9a5734e59f,41
2cd928400b77acd6c24939a13219cfaf,41
3ea21754159802a309521029adabcf2f,41
ceb154a306fe39fcc15ca2a9ce00f8b0,41
966b0be5c5dcf57626413b7c009051bf,42
2e691dc7f2276eb3c8e0b971759ce141,42
a87e0cdbd5c95bc7bc7dfe5fd3c4e0fc,42
576d83ba39a875d073b74a9a5734e59f,42
90a06446142d56f68b77508e1c35e18b,43
3dfaf18fb4d0e8d07fc8913bbd59cbc1,44
2e79e0ae9cb63657a1a1923c98b6fe07,44
0a563eedb710fe759f6631012a2415a1,44
c6097de41e0d0c6473784a0ff076c1d2,44
8e0d9c4c97e6670c7ccd2f9ffdd83092,44
65d18568eb9f721c8b49be8dd7b7dac2,45
e057897553b97e96aef3d0258f129f99,46
8a80d31a028ce8acff219c58144cf807,46
717178a64f8aa02a2930c427226fa14e,46
e6fde24e7cbb96ace7d184c8f39087be,47
3dfaf18fb4d0e8d07fc8913bbd59cbc1,47
717178a64f8aa02a2930c427226fa14e,47
a35eaaf00df62201de3add8f7797a168,48
c925c36594d2508f51735d19d94601e1,48
586aa8094a5edba91f25e909f2b15897,49
60cf84845f55c2a199d7808152f76bd1,49
db372149ad7a0e0cbb2c3c6ee84f9d6b,49
712ca2fd6d29e46cfe98cb62aa6e4166,49
35573da163503f747b4d7749b39f58cc,49
b8e33e715186ecf929a709baf54725da,49
992e3c9abbe8e82654b8c5223c97705e,49
99867a6339050f9865a7f1ed15651774,49
3ea21754159802a309521029adabcf2f,49
9afd0768505274be8502025da2460556,49
a23baed35b12050fbeb35cd1a943462a,49
d75b9d6d8bb176ec0ebaa4ae1d858aa1,49
db27a60a75cede279d8112c00fce2fd3,49
94cfa1c6debd4fb9acde75df8e6b04dc,49
bef08ec28f787501e3369a79b02e3893,49
d203eac61852299bc7b1f54f2b5df515,49
c0b4407970999e598b59f72c81acc847,49
9c2560faac924ee88a0b49d184634735,49
08d58fe3e216a29cdb9d1647947ec233,49
483fc31556e6c055d70eedb7c113fbda,49
c8cdec62c6d5c62b5242ddc1c0b5accc,49
b6c5de95206f04b26c01b6b9812d4e43,49
44de9e78de760ed9050b42f1df0730ea,49
185e248003e7d655f7e8f6b981b2bc56,49
ceb154a306fe39fcc15ca2a9ce00f8b0,49
fc64fb476900d874e0a07a5c71239f43,49
fc7500bd2b0d2689a940b3481aadb4c7,49
03e0af67de3284282dc9cc9a10a9b656,49
fc3f95b04b3e10ae201334e36bc156c7,49
cb3e56e1990b1cf2f46f6995f6986087,49
3233892ca2066afcde3197c9956a4374,49
abb1d68732f006814f3356e8a8748755,49
9580846df14827435ca54855530f194b,49
c6124811ac7816bbbf7bb48552fe95aa,49
fcd2b34d0774b85a24337e7ab4310c2f,49
a1f3d41affb0d8779b5c96f56b76385f,49
bc6140fd7490136b5cd2301be7c32f2c,49
85898afe754fa301b51248ee3a5fc24b,49
05aa84ab2bd502425d21a3ad77b75828,49
b8a7a871ef1fb33fb4de6a7f0757712e,49
2c973dfadd20352e1eb0ab192f8ea0c7,49
9bfa831225bf6c6d422d8daa47820485,49
ce61527b90aae4162b21a4cdae7435e7,49
fe146ac4241b330f83e4bdc9b02a1e84,49
6b3fd92b2dee7b7b54616a50388145eb,49
5719133a190eb1925a50454f8d5e0d69,49
0a563eedb710fe759f6631012a2415a1,49
72c3f58c5b68bda28afce59862ebce7c,49
bab7bc0e7bfee27dc4d0ce64741086f2,49
5c20bf64f100a0bcdbc32e103e622edb,49
8e0d9c4c97e6670c7ccd2f9ffdd83092,49
b34c74cc98016542fecc4114ee781b2e,49
ab62931e00e15b7057d8257c8bcd293c,49
f3bfab8aa35a2028a7bdb63c109f823e,49
342ac7440ab576aceb2265760e27ba4a,49
f4a949c09b1741477aaf6e93a021f34b,49
c673da0f41cf441c645405c86d294bed,49
234daca2adc4f88ff6a333962f89f22e,49
f5dff98d7d33a0b9b5c613513324efe0,49
5ea8ad6006b2df249de2d03ffad7a589,49
047e6d6b68a9c9e91ddcd21ca301aced,50
c8e2715a707fd0596f67f7fbda1bdd80,51
e3cbd0940d6d7c9d0602e48b3ba23e76,51
93ee0ef2cc33c60712a85d14df45dddd,51
f68a2f6a1b4bff5d4037bfba2b22fce4,51
03e0af67de3284282dc9cc9a10a9b656,51
b4a117a19615d1ac50d566bdcac6ef20,51
b8a7a871ef1fb33fb4de6a7f0757712e,51
fdfd3d44e6552288efc341cb7286ded1,51
c673da0f41cf441c645405c86d294bed,51
c9108fcf33bd95e4a3b688e99cc97283,51
586aa8094a5edba91f25e909f2b15897,51
fc86d0b6635e1abd9975316f98d9cdfc,51
751cc4e749ef7a83ef23eea34b7f8b5f,51
a70e6b316dfc19d09a8cb4c520db1086,51
b6c5de95206f04b26c01b6b9812d4e43,51
a95dfd3b111f9b87ede736ceea242fe2,51
debc57a636cf3cb56807f340810ba749,51
8186eb24352251de60c2e2f433926f2c,51
143641b4881dfe07a08e69d8f2515141,51
b20d77cb280861b2d1a868349d7bc9ea,51
2eb71d945dfed4e4bbf0c5852ae5ed6d,51
443bfbd1656fef18d93b101efc219ecb,51
c3f914490fa379671ca31138b737e94d,51
53a8e33ba90432c02dd93f38286181e7,51
48312b33fcfa96980dcb8619648805dd,51
5b9c4d777460d2ec2c5d28b3b6e953fc,51
8de0fd814bfa3baa6528d1d1ed91ea1e,51
3802f1f8e7ef792c99746a2aa5ed273c,51
0d24902ad25d6cd260b4c7fb25665fd3,51
be4ba869d7374708cda4cefb1b5d2c51,51
c925c36594d2508f51735d19d94601e1,51
db655158e0dfb7368fa529f8482e638d,51
8a80d31a028ce8acff219c58144cf807,51
5ec9cf6f052aa7e7359de30c02ab0519,51
97161968b2aae8af5ac6073c05203d32,51
d9eb2ca33554fc7cc972a756a14db433,51
db372149ad7a0e0cbb2c3c6ee84f9d6b,51
6561a6202f0163243f30f53e22fae31f,51
4a03a0b484559e9bb4d6f02b2539696c,51
c53eff196597ff4de0c651afc758baf6,51
3680ffaec21ed229a6984d51efcbcf4c,52
a70e6b316dfc19d09a8cb4c520db1086,52
3dfaf18fb4d0e8d07fc8913bbd59cbc1,52
90747bc6256e7c37ccf99fdfbe340490,52
b9324995619b89a360700ac92378873e,52
fcd2b34d0774b85a24337e7ab4310c2f,52
b8e33e715186ecf929a709baf54725da,52
aede02b54120ff951b1ab251e53e1208,52
c925c36594d2508f51735d19d94601e1,52
8186eb24352251de60c2e2f433926f2c,52
3233892ca2066afcde3197c9956a4374,52
712ca2fd6d29e46cfe98cb62aa6e4166,52
2c2ef6e2231358187fbf6f54160ba498,52
d203eac61852299bc7b1f54f2b5df515,52
b20d77cb280861b2d1a868349d7bc9ea,52
ef8ecdfa75f46eb9ffde0fb1905f31f4,52
bd40b044a4a425dc1ea78556adf26bbb,52
5ea8ad6006b2df249de2d03ffad7a589,52
485af202865eedca59f59a37d2aa5f2e,52
6379e20cc57751787ac5e471731cc467,52
ecd39bc14cc63ae24d9ddacd4c60ae5b,52
8c7f46b92aa05c27039f68e03e835105,52
ebf2792eea24e79ce72496fd486b1fc6,52
c9108fcf33bd95e4a3b688e99cc97283,52
234daca2adc4f88ff6a333962f89f22e,52
a401d3823ac68cc6ea1fe2735e99a89d,52
afe87c043317f21b16894afef9aaf2bc,52
9d913851b7523ae06ead81e744478b09,52
debc57a636cf3cb56807f340810ba749,52
6d1ed772f3cf89ea868828e77cd4b864,52
bed676c1e334971abe99d12f791979dc,52
369c508b076cbe9df0a7917727b8a557,52
ca729e9441bfcc03a29f0ce550277bc5,52
287485923ab6da9e763c2824ed3a4f0e,52
3802f1f8e7ef792c99746a2aa5ed273c,52
d26b42c34b7a915c66f95368e59389f8,52
639274a16d9fa096fe30eee49e09daf6,52
a5e8bacf1fab4a38dba2d3c55d75cc1a,52
488e8b6674a5562c9354bde846afd8f1,52
68c8cdd8d69a12c8b628991d5900557c,52
3c8c02974201ba3ca44ea9b721375481,52
fd9804c6ec2c109b03856bbef74708e9,52
b290829287ab66be18a3d77515c4c1b4,52
047e6d6b68a9c9e91ddcd21ca301aced,52
c2d72ea85fd569083be435ef50147f5a,52
74c38882e014388a327e9ab0acfe4416,52
c3b1a2dde673f5b47e7bc4ca95d95e2a,52
bef08ec28f787501e3369a79b02e3893,52
bc9926e4f43e3b003d8c52f0de2aff81,52
3e38ddb04affd1c1fd6b34e825e3dc48,52
b13dd944f18fa01e23723a09786d4ba9,52
2e79e0ae9cb63657a1a1923c98b6fe07,52
bc6140fd7490136b5cd2301be7c32f2c,52
fc7500bd2b0d2689a940b3481aadb4c7,52
a35eaaf00df62201de3add8f7797a168,52
1bea011483f5c4d5596793f757a39227,52
f1a488429dc71411eb07822f291afee6,52
718349f98fff7f272c4bafe1f1cc7938,52
90ffd134ad22f387bf93b1e3f4b9c478,52
87276cc539d9a67b245ed7ed9525532b,52
8e4192e5fe2bdf7c154467dbe84724ec,52
4fc36c60de093a5f74dbd85094cfe749,52
d7ee0946406f1fea1839ccd5884474b6,52
9afd0768505274be8502025da2460556,52
03c2bb7b5ac76f727cc760b017669eee,52
308999fa0b2033b4138ba4cbc9af6828,52
53a8e33ba90432c02dd93f38286181e7,52
52f227cfb8d0be77c0dab60f96a9d37f,52
93ee0ef2cc33c60712a85d14df45dddd,52
be6245a5e9deeb86fa238eb3461e8ba2,52
443bfbd1656fef18d93b101efc219ecb,52
8de0fd814bfa3baa6528d1d1ed91ea1e,52
e0a6175fb189c1c7946598bc0f28063c,52
bf783bbcdbe214dc0c534b5aaf89586b,52
9278bc178a718f00f15507428932e469,52
f4a949c09b1741477aaf6e93a021f34b,52
5f46fdd16dd83a2d56298039cd66c5c2,52
8f5c815ed7baf07a1ae5f9b01d1d6f88,52
d9eb2ca33554fc7cc972a756a14db433,52
74578be5e21f87084d83035e123ea1d3,52
9887eb93f4cefff6959e2d55250114de,52
b6e54f83c7e18af58a3dd80fc8132c00,52
dce7c43ed563bf20727cc3dc8600226a,52
0b4453472b37724df7158b2476d7cb63,52
83d364aeadb4a6a5f3591aa4521395c1,52
ba9ab052b4a0fa25dda8e596b7a29e22,52
a0784844eda3c9d36eb3464f1b7b7b61,52
deada1269016ee595c85e906c6621598,52
0bc767e93133f00448f4b09fdccd4da1,52
5719133a190eb1925a50454f8d5e0d69,52
cec5c31dbd2661e68506516101624f73,52
c673da0f41cf441c645405c86d294bed,52
2eb71d945dfed4e4bbf0c5852ae5ed6d,52
03e0af67de3284282dc9cc9a10a9b656,52
b63aec66352ef77fd7dc298cc4152df6,52
c86905072470b43c087b8e336e9ca561,52
e3cbd0940d6d7c9d0602e48b3ba23e76,52
99867a6339050f9865a7f1ed15651774,52
a95dfd3b111f9b87ede736ceea242fe2,52
c6097de41e0d0c6473784a0ff076c1d2,52
9bfde6fbdb827b750c8b3e4550168322,52
94ecc1332249fc457842aa1f411a86f0,52
c0b4407970999e598b59f72c81acc847,52
be4ba869d7374708cda4cefb1b5d2c51,52
08d58fe3e216a29cdb9d1647947ec233,52
6561a6202f0163243f30f53e22fae31f,52
f03efa1b1c452e10724a6661136839a9,52
6a9e55aa2e11f078638609bc7bb9162d,52
0d24902ad25d6cd260b4c7fb25665fd3,52
13daa8b8a5b8d05205f771112fe86a1f,52
f5252e6b2e62c8e9405fa54365ce6f9b,52
992e3c9abbe8e82654b8c5223c97705e,52
efb9d9fe0acc8539a1aa3e440c2455e5,52
37b41da5b220f8366da1b533c4373d9e,52
fc4798652f9a7f70bd611d396717affb,52
6b3fd92b2dee7b7b54616a50388145eb,52
46b05f9d99a314b07792741b0bbea28b,52
8c7f46b92aa05c27039f68e03e835105,53
9278bc178a718f00f15507428932e469,53
03c2bb7b5ac76f727cc760b017669eee,53
90747bc6256e7c37ccf99fdfbe340490,53
6561a6202f0163243f30f53e22fae31f,53
0bc767e93133f00448f4b09fdccd4da1,53
f1a488429dc71411eb07822f291afee6,53
efb9d9fe0acc8539a1aa3e440c2455e5,53
2eb71d945dfed4e4bbf0c5852ae5ed6d,53
8186eb24352251de60c2e2f433926f2c,53
bf783bbcdbe214dc0c534b5aaf89586b,53
443bfbd1656fef18d93b101efc219ecb,53
a0784844eda3c9d36eb3464f1b7b7b61,53
fe146ac4241b330f83e4bdc9b02a1e84,53
94ecc1332249fc457842aa1f411a86f0,53
3c8c02974201ba3ca44ea9b721375481,53
53a8e33ba90432c02dd93f38286181e7,53
bc9926e4f43e3b003d8c52f0de2aff81,53
8f5c815ed7baf07a1ae5f9b01d1d6f88,53
287485923ab6da9e763c2824ed3a4f0e,53
bed676c1e334971abe99d12f791979dc,53
712ca2fd6d29e46cfe98cb62aa6e4166,53
2c2ef6e2231358187fbf6f54160ba498,53
debc57a636cf3cb56807f340810ba749,53
d690e60b66b6dde75411f1f7378d3b08,53
c9108fcf33bd95e4a3b688e99cc97283,53
4fc36c60de093a5f74dbd85094cfe749,53
488e8b6674a5562c9354bde846afd8f1,53
13daa8b8a5b8d05205f771112fe86a1f,53
8de0fd814bfa3baa6528d1d1ed91ea1e,53
485af202865eedca59f59a37d2aa5f2e,53
e3cbd0940d6d7c9d0602e48b3ba23e76,53
f5252e6b2e62c8e9405fa54365ce6f9b,53
c3b1a2dde673f5b47e7bc4ca95d95e2a,53
b63aec66352ef77fd7dc298cc4152df6,53
87276cc539d9a67b245ed7ed9525532b,53
6a9e55aa2e11f078638609bc7bb9162d,53
afe87c043317f21b16894afef9aaf2bc,53
1452312ba4b4b08c162dc0c4a86d3339,54
f5dff98d7d33a0b9b5c613513324efe0,55
5b9c4d777460d2ec2c5d28b3b6e953fc,56
bc9926e4f43e3b003d8c52f0de2aff81,56
75917c04901d187b2fe029d59c803b7d,57
047e6d6b68a9c9e91ddcd21ca301aced,57
be4ba869d7374708cda4cefb1b5d2c51,58
bbf074f421304bb22790a70c381b75b1,58
04ca635d0fbeabbd635ead59afb1814a,58
d3df079c001e13fcba601d3977590859,58
14591e4d815f6c24ca726cd97ea96014,58
42255e867812b16d9e306341923340a7,58
f12fd4e797cea131ae1632c6e9858a16,59
a87e0cdbd5c95bc7bc7dfe5fd3c4e0fc,59
93ee0ef2cc33c60712a85d14df45dddd,59
08d58fe3e216a29cdb9d1647947ec233,59
e14e158763945f838e7f0aa5eb42d678,59
6561a6202f0163243f30f53e22fae31f,59
0d24902ad25d6cd260b4c7fb25665fd3,59
2eb71d945dfed4e4bbf0c5852ae5ed6d,59
ca729e9441bfcc03a29f0ce550277bc5,59
b8a7a871ef1fb33fb4de6a7f0757712e,59
1af18d85d8c5061312f6bec1e0c5603a,59
b9324995619b89a360700ac92378873e,60
66c76c0119b4cb8297338e0869e5b889,60
db27a60a75cede279d8112c00fce2fd3,60
be4ba869d7374708cda4cefb1b5d2c51,60
2c2ef6e2231358187fbf6f54160ba498,60
b82a2144895002486a7036dd2c92293e,60
9afd0768505274be8502025da2460556,60
751cc4e749ef7a83ef23eea34b7f8b5f,60
148063253c99dbb3f37cb70288f074a7,60
27cbdc468fa035233a5e8c0ff34bae68,60
4c3f563c92fedc5eae2d5f425780060b,60
d2f8a97f6e40359d06237c68dfcc61b9,60
cd5959095cbf49fb0426113501ccdced,60
1452312ba4b4b08c162dc0c4a86d3339,60
deada1269016ee595c85e906c6621598,60
d3ebaebf6fe772e8ff6d2f8737b5fb2f,60
bbf074f421304bb22790a70c381b75b1,60
ce809bf4b7eb552ec3b81cc75f03a571,60
c0b4407970999e598b59f72c81acc847,60
5155a1b02d84cf60b1ef7df0236d923c,60
bc67b74526e71d2b8df31959ef66c597,60
6379e20cc57751787ac5e471731cc467,60
fd9804c6ec2c109b03856bbef74708e9,60
4fe32383916b4608b915a58a50450dd2,60
3e6c37b20fd771158822f5f70807e8ba,60
e3cbd0940d6d7c9d0602e48b3ba23e76,60
234daca2adc4f88ff6a333962f89f22e,60
9782f0c32ebcacb45147cfa6cd938e7a,60
46b05f9d99a314b07792741b0bbea28b,60
50174d5fddbb46a48cd9092a5487ab55,60
f91cdf523b87b092df7ffbb0747e0d37,60
d67da02487c390406f3bbc30a62fa5bd,60
3680ffaec21ed229a6984d51efcbcf4c,60
5719133a190eb1925a50454f8d5e0d69,60
ce61527b90aae4162b21a4cdae7435e7,60
03e0af67de3284282dc9cc9a10a9b656,60
35573da163503f747b4d7749b39f58cc,60
f3bfab8aa35a2028a7bdb63c109f823e,60
541777103778f0ce5125f3fd3d5111be,60
b8e33e715186ecf929a709baf54725da,60
ef997232c53854d89d18f444cf5c8db2,60
4ba8a3f4ac8d5615d40860ac503ab788,60
ea277c15001fe1b01b95f72aebc11f24,60
724d686e84c6115f1b8b3e81de621774,60
040ace30513cc49ca4dbd0279f27fe49,60
90747bc6256e7c37ccf99fdfbe340490,60
5ea8ad6006b2df249de2d03ffad7a589,60
2cd928400b77acd6c24939a13219cfaf,60
37b92be8e67ed758562bfe44fa3cd110,60
afe87c043317f21b16894afef9aaf2bc,60
be6245a5e9deeb86fa238eb3461e8ba2,60
db372149ad7a0e0cbb2c3c6ee84f9d6b,60
62c33df4d4a0066d4998ffc944c86f27,60
d7ee0946406f1fea1839ccd5884474b6,60
f825f096d86daf5f524280265bca03fe,60
a87e0cdbd5c95bc7bc7dfe5fd3c4e0fc,60
718349f98fff7f272c4bafe1f1cc7938,60
fcd2b34d0774b85a24337e7ab4310c2f,60
185e248003e7d655f7e8f6b981b2bc56,60
ff3866dfcee38e02bedbf67320a128a2,61
bef08ec28f787501e3369a79b02e3893,61
143641b4881dfe07a08e69d8f2515141,61
db3281722632c08e62cae4c31935a6f5,62
0a563eedb710fe759f6631012a2415a1,62
bab7bc0e7bfee27dc4d0ce64741086f2,62
cd5959095cbf49fb0426113501ccdced,62
ceb154a306fe39fcc15ca2a9ce00f8b0,62
c673da0f41cf441c645405c86d294bed,62
db372149ad7a0e0cbb2c3c6ee84f9d6b,62
3dfaf18fb4d0e8d07fc8913bbd59cbc1,62
fc86d0b6635e1abd9975316f98d9cdfc,62
1452312ba4b4b08c162dc0c4a86d3339,62
b62493a360cba7921d5d4b86eddbde3f,62
8de0fd814bfa3baa6528d1d1ed91ea1e,63
488e8b6674a5562c9354bde846afd8f1,63
14591e4d815f6c24ca726cd97ea96014,63
9278bc178a718f00f15507428932e469,63
483fc31556e6c055d70eedb7c113fbda,63
b82a2144895002486a7036dd2c92293e,63
2c2ef6e2231358187fbf6f54160ba498,63
41ea7d8cbcda0696ee6c8fad898b3bb5,63
ce809bf4b7eb552ec3b81cc75f03a571,63
53a8e33ba90432c02dd93f38286181e7,63
c0b4407970999e598b59f72c81acc847,63
c9108fcf33bd95e4a3b688e99cc97283,63
42255e867812b16d9e306341923340a7,63
8c7f46b92aa05c27039f68e03e835105,63
8f5c815ed7baf07a1ae5f9b01d1d6f88,63
bc9926e4f43e3b003d8c52f0de2aff81,63
ef997232c53854d89d18f444cf5c8db2,63
c3b1a2dde673f5b47e7bc4ca95d95e2a,63
3e6c37b20fd771158822f5f70807e8ba,63
c925c36594d2508f51735d19d94601e1,63
4fc36c60de093a5f74dbd85094cfe749,63
0a563eedb710fe759f6631012a2415a1,63
2cd928400b77acd6c24939a13219cfaf,63
d3df079c001e13fcba601d3977590859,63
bf783bbcdbe214dc0c534b5aaf89586b,63
f1a488429dc71411eb07822f291afee6,63
8fa08494d1735e096c2466abd1a0be21,63
bed676c1e334971abe99d12f791979dc,63
cd5959095cbf49fb0426113501ccdced,63
143641b4881dfe07a08e69d8f2515141,63
a0784844eda3c9d36eb3464f1b7b7b61,63
047e6d6b68a9c9e91ddcd21ca301aced,64
ebf2792eea24e79ce72496fd486b1fc6,64
342ac7440ab576aceb2265760e27ba4a,64
72c3f58c5b68bda28afce59862ebce7c,64
aede02b54120ff951b1ab251e53e1208,65
483fc31556e6c055d70eedb7c113fbda,65
d67da02487c390406f3bbc30a62fa5bd,65
3dfaf18fb4d0e8d07fc8913bbd59cbc1,65
586aa8094a5edba91f25e909f2b15897,65
75917c04901d187b2fe029d59c803b7d,65
fc7500bd2b0d2689a940b3481aadb4c7,65
37b92be8e67ed758562bfe44fa3cd110,65
72c3f58c5b68bda28afce59862ebce7c,65
fb79a9e5e3afc815d1e91a0182663f2f,65
93f8af963c505ebff755a60dcc47b12b,65
4d20ce56ce89468c4eae6cc503e4d373,65
bed676c1e334971abe99d12f791979dc,65
c86905072470b43c087b8e336e9ca561,65
e057897553b97e96aef3d0258f129f99,65
0a563eedb710fe759f6631012a2415a1,65
ca729e9441bfcc03a29f0ce550277bc5,65
04ca635d0fbeabbd635ead59afb1814a,65
0263f0970de564e045bb5c833f8ee215,65
287485923ab6da9e763c2824ed3a4f0e,65
9580846df14827435ca54855530f194b,65
e6fde24e7cbb96ace7d184c8f39087be,65
d3df079c001e13fcba601d3977590859,65
cd5959095cbf49fb0426113501ccdced,65
1452312ba4b4b08c162dc0c4a86d3339,65
03e0af67de3284282dc9cc9a10a9b656,65
6d1ed772f3cf89ea868828e77cd4b864,65
718349f98fff7f272c4bafe1f1cc7938,65
ff3866dfcee38e02bedbf67320a128a2,65
bc9926e4f43e3b003d8c52f0de2aff81,65
c925c36594d2508f51735d19d94601e1,65
a5e8bacf1fab4a38dba2d3c55d75cc1a,65
a87e0cdbd5c95bc7bc7dfe5fd3c4e0fc,65
2c2ef6e2231358187fbf6f54160ba498,65
df60b1707ceb83967cf35099f98903d5,65
0c556c2f27bd7000aa2627a8f0800303,65
3802f1f8e7ef792c99746a2aa5ed273c,65
ceb154a306fe39fcc15ca2a9ce00f8b0,65
f4a949c09b1741477aaf6e93a021f34b,65
bab7bc0e7bfee27dc4d0ce64741086f2,65
9c985852a9cd03d9a63dddfa17f359a9,65
fcd2b34d0774b85a24337e7ab4310c2f,65
80bb48c328837804e6c2850c35ae75ed,65
bef08ec28f787501e3369a79b02e3893,65
b6c5de95206f04b26c01b6b9812d4e43,65
42255e867812b16d9e306341923340a7,65
8a80d31a028ce8acff219c58144cf807,65
d203eac61852299bc7b1f54f2b5df515,65
37b41da5b220f8366da1b533c4373d9e,65
13daa8b8a5b8d05205f771112fe86a1f,65
488e8b6674a5562c9354bde846afd8f1,65
08d58fe3e216a29cdb9d1647947ec233,65
b8e33e715186ecf929a709baf54725da,65
6b3fd92b2dee7b7b54616a50388145eb,65
9278bc178a718f00f15507428932e469,65
e0a6175fb189c1c7946598bc0f28063c,65
c53eff196597ff4de0c651afc758baf6,65
62c33df4d4a0066d4998ffc944c86f27,65
9782f0c32ebcacb45147cfa6cd938e7a,65
90a06446142d56f68b77508e1c35e18b,65
41ea7d8cbcda0696ee6c8fad898b3bb5,65
46b05f9d99a314b07792741b0bbea28b,65
2c973dfadd20352e1eb0ab192f8ea0c7,65
f5dff98d7d33a0b9b5c613513324efe0,65
53dd9fd99f943015a009a48bab796c34,65
2e79e0ae9cb63657a1a1923c98b6fe07,65
1bea011483f5c4d5596793f757a39227,65
6d13862f107e29b4b2ea83f824304ad9,65
be4ba869d7374708cda4cefb1b5d2c51,65
3680ffaec21ed229a6984d51efcbcf4c,65
efb9d9fe0acc8539a1aa3e440c2455e5,65
5ea8ad6006b2df249de2d03ffad7a589,65
4c3f563c92fedc5eae2d5f425780060b,65
a0784844eda3c9d36eb3464f1b7b7b61,65
8fa08494d1735e096c2466abd1a0be21,65
4a03a0b484559e9bb4d6f02b2539696c,65
94ecc1332249fc457842aa1f411a86f0,65
db655158e0dfb7368fa529f8482e638d,65
2dbf8b49a4d0dc34c46d991f31e526be,65
143641b4881dfe07a08e69d8f2515141,65
14591e4d815f6c24ca726cd97ea96014,65
74c38882e014388a327e9ab0acfe4416,65
e73022f66925ad75b946930133df1b99,65
3c8c02974201ba3ca44ea9b721375481,65
1366f45e2d19195876ca3c6076855fdc,65
e61e7c515c688012604f3c4efe38bb8d,65
8e4192e5fe2bdf7c154467dbe84724ec,65
b20d77cb280861b2d1a868349d7bc9ea,65
3e6c37b20fd771158822f5f70807e8ba,65
db655158e0dfb7368fa529f8482e638d,66
46b05f9d99a314b07792741b0bbea28b,66
c8e2715a707fd0596f67f7fbda1bdd80,66
c3f914490fa379671ca31138b737e94d,66
4a03a0b484559e9bb4d6f02b2539696c,66
6c1b592d177a4b2e66d9cb71c2b3b857,66
a87e0cdbd5c95bc7bc7dfe5fd3c4e0fc,66
cb8f61654ee35cd0285855eec7c20da8,66
3e6c37b20fd771158822f5f70807e8ba,66
5719133a190eb1925a50454f8d5e0d69,66
66c76c0119b4cb8297338e0869e5b889,66
bf4f77a4e380d87db4e0de88ef8e3495,66
fcd2b34d0774b85a24337e7ab4310c2f,66
bc9926e4f43e3b003d8c52f0de2aff81,66
fc3f95b04b3e10ae201334e36bc156c7,66
efb9d9fe0acc8539a1aa3e440c2455e5,66
b8a7a871ef1fb33fb4de6a7f0757712e,66
9bfa831225bf6c6d422d8daa47820485,66
db1c3743f5aca2b30dcf7b4c56b1aea4,66
0bc767e93133f00448f4b09fdccd4da1,66
f1ec28f249b359d27149ab48d9de2a9e,67
03c2bb7b5ac76f727cc760b017669eee,67
72c3f58c5b68bda28afce59862ebce7c,67
13daa8b8a5b8d05205f771112fe86a1f,67
c6124811ac7816bbbf7bb48552fe95aa,67
80bb48c328837804e6c2850c35ae75ed,67
74d30020f351cb9907b7cd9654f3354a,67
d91ee6bdf618439846d0d761542fdacf,67
b63aec66352ef77fd7dc298cc4152df6,67
9d913851b7523ae06ead81e744478b09,67
9bfde6fbdb827b750c8b3e4550168322,67
fc3f95b04b3e10ae201334e36bc156c7,67
8fa08494d1735e096c2466abd1a0be21,67
a401d3823ac68cc6ea1fe2735e99a89d,67
9278bc178a718f00f15507428932e469,67
a1f3d41affb0d8779b5c96f56b76385f,67
04ca635d0fbeabbd635ead59afb1814a,67
a95dfd3b111f9b87ede736ceea242fe2,67
0f4488cc36aa9cd12856a9b431a61f2c,67
aede02b54120ff951b1ab251e53e1208,67
b13dd944f18fa01e23723a09786d4ba9,67
f68a2f6a1b4bff5d4037bfba2b22fce4,67
58179e1a4e7a723e89f2fd81a17abfa5,67
8c7f46b92aa05c27039f68e03e835105,67
bed676c1e334971abe99d12f791979dc,67
f03efa1b1c452e10724a6661136839a9,67
e057897553b97e96aef3d0258f129f99,67
60cf84845f55c2a199d7808152f76bd1,67
52f227cfb8d0be77c0dab60f96a9d37f,67
369c508b076cbe9df0a7917727b8a557,67
143641b4881dfe07a08e69d8f2515141,67
bbb00d6626fbf69043eb8fbe6596e5fc,67
a533238c0a594c8e5b609458ba1fbdae,67
d26b42c34b7a915c66f95368e59389f8,67
29c6ae88c7c4d61c6b8ca40ba3e55f63,67
e61e7c515c688012604f3c4efe38bb8d,67
94cfa1c6debd4fb9acde75df8e6b04dc,67
1af18d85d8c5061312f6bec1e0c5603a,67
8a80d31a028ce8acff219c58144cf807,67
16e56f83ddbded506796883cd4047bbf,67
e14e158763945f838e7f0aa5eb42d678,67
483fc31556e6c055d70eedb7c113fbda,67
df60b1707ceb83967cf35099f98903d5,67
8de0fd814bfa3baa6528d1d1ed91ea1e,67
0a563eedb710fe759f6631012a2415a1,67
7cc30041a6738c7f36261aeaf3eedb81,67
6a7e5aaf54e8ccb2e84cf4148a0093b1,67
fe146ac4241b330f83e4bdc9b02a1e84,67
586aa8094a5edba91f25e909f2b15897,67
d3df079c001e13fcba601d3977590859,67
0c556c2f27bd7000aa2627a8f0800303,67
8d8fcecb066f2e926421c546900ef59d,67
8fee206f985fdeb1254cd92bb4296beb,67
ceb154a306fe39fcc15ca2a9ce00f8b0,67
16c2a4855e44c0f361bdfe9d5f628a2c,67
83314ab536f2af2ed81fb2c72ed64a27,67
c925c36594d2508f51735d19d94601e1,67
2dbf8b49a4d0dc34c46d991f31e526be,67
70213abca7eabb45d5a24275f0687346,67
bef08ec28f787501e3369a79b02e3893,67
6d13862f107e29b4b2ea83f824304ad9,67
9bfa831225bf6c6d422d8daa47820485,68
4c3f563c92fedc5eae2d5f425780060b,68
14591e4d815f6c24ca726cd97ea96014,68
93ee0ef2cc33c60712a85d14df45dddd,68
bd40b044a4a425dc1ea78556adf26bbb,68
03e0af67de3284282dc9cc9a10a9b656,68
97161968b2aae8af5ac6073c05203d32,68
5ceb227ae04642f03711565eadd5b01c,68
d9eb2ca33554fc7cc972a756a14db433,68
7019f829aa07485fcd539da71d4ca91d,69
751cc4e749ef7a83ef23eea34b7f8b5f,69
fecf622ca882ae30dd85f39a061be0fb,69
bab7bc0e7bfee27dc4d0ce64741086f2,69
9bfde6fbdb827b750c8b3e4550168322,69
90747bc6256e7c37ccf99fdfbe340490,69
c6124811ac7816bbbf7bb48552fe95aa,69
e6fde24e7cbb96ace7d184c8f39087be,69
d9724deb7bc8ea27c6c6213513e09e10,69
09fddb2e3c69d235f02743e01593f535,69
48312b33fcfa96980dcb8619648805dd,70
fc86d0b6635e1abd9975316f98d9cdfc,70
9afd0768505274be8502025da2460556,71
9782f0c32ebcacb45147cfa6cd938e7a,71
143641b4881dfe07a08e69d8f2515141,71
8fee206f985fdeb1254cd92bb4296beb,71
8de0fd814bfa3baa6528d1d1ed91ea1e,71
fc86d0b6635e1abd9975316f98d9cdfc,71
6c1b592d177a4b2e66d9cb71c2b3b857,71
718349f98fff7f272c4bafe1f1cc7938,71
db9019c53bea7df9ec4a2e52a901fa53,71
c9108fcf33bd95e4a3b688e99cc97283,71
ef997232c53854d89d18f444cf5c8db2,71
c673da0f41cf441c645405c86d294bed,71
0bc767e93133f00448f4b09fdccd4da1,71
3680ffaec21ed229a6984d51efcbcf4c,71
27cbdc468fa035233a5e8c0ff34bae68,71
ba9ab052b4a0fa25dda8e596b7a29e22,71
d67da02487c390406f3bbc30a62fa5bd,71
e6fde24e7cbb96ace7d184c8f39087be,72
46b05f9d99a314b07792741b0bbea28b,73
b1ddc26e37b4ca7eada41ad390ee2087,73
c9108fcf33bd95e4a3b688e99cc97283,73
97161968b2aae8af5ac6073c05203d32,73
bc67b74526e71d2b8df31959ef66c597,73
e73022f66925ad75b946930133df1b99,73
35573da163503f747b4d7749b39f58cc,73
2dbf8b49a4d0dc34c46d991f31e526be,73
fd9804c6ec2c109b03856bbef74708e9,73
37b41da5b220f8366da1b533c4373d9e,73
143641b4881dfe07a08e69d8f2515141,73
b62493a360cba7921d5d4b86eddbde3f,73
ce809bf4b7eb552ec3b81cc75f03a571,73
90747bc6256e7c37ccf99fdfbe340490,73
9d913851b7523ae06ead81e744478b09,73
4d20ce56ce89468c4eae6cc503e4d373,73
717178a64f8aa02a2930c427226fa14e,74
90a06446142d56f68b77508e1c35e18b,74
bab7bc0e7bfee27dc4d0ce64741086f2,74
3802f1f8e7ef792c99746a2aa5ed273c,74
7019f829aa07485fcd539da71d4ca91d,74
718349f98fff7f272c4bafe1f1cc7938,75
8fee206f985fdeb1254cd92bb4296beb,75
cb8f61654ee35cd0285855eec7c20da8,75
f03efa1b1c452e10724a6661136839a9,75
efb9d9fe0acc8539a1aa3e440c2455e5,75
fc7500bd2b0d2689a940b3481aadb4c7,75
9c985852a9cd03d9a63dddfa17f359a9,75
3933b54b3541be6a094a23dca6758055,76
50174d5fddbb46a48cd9092a5487ab55,76
e78ed56d31d3db09aab1b9bb7b423f58,76
b6c5de95206f04b26c01b6b9812d4e43,76
9afd0768505274be8502025da2460556,76
6da7f7d4a0485504d4e39cc14e43e29d,76
e3cbd0940d6d7c9d0602e48b3ba23e76,76
13daa8b8a5b8d05205f771112fe86a1f,76
6561a6202f0163243f30f53e22fae31f,76
c0b4407970999e598b59f72c81acc847,76
8e4192e5fe2bdf7c154467dbe84724ec,76
83d364aeadb4a6a5f3591aa4521395c1,76
b4a117a19615d1ac50d566bdcac6ef20,76
b290829287ab66be18a3d77515c4c1b4,76
29c6ae88c7c4d61c6b8ca40ba3e55f63,76
c9108fcf33bd95e4a3b688e99cc97283,76
078e59c67b82852e48539fa7b4e02ffe,76
2e691dc7f2276eb3c8e0b971759ce141,76
f5252e6b2e62c8e9405fa54365ce6f9b,76
d9724deb7bc8ea27c6c6213513e09e10,76
185e248003e7d655f7e8f6b981b2bc56,76
a0784844eda3c9d36eb3464f1b7b7b61,76
6a7e5aaf54e8ccb2e84cf4148a0093b1,76
2eb71d945dfed4e4bbf0c5852ae5ed6d,76
a1f3d41affb0d8779b5c96f56b76385f,76
ecd39bc14cc63ae24d9ddacd4c60ae5b,76
369c508b076cbe9df0a7917727b8a557,76
d690e60b66b6dde75411f1f7378d3b08,76
70213abca7eabb45d5a24275f0687346,76
dce7c43ed563bf20727cc3dc8600226a,76
ebf2792eea24e79ce72496fd486b1fc6,76
8186eb24352251de60c2e2f433926f2c,76
aede02b54120ff951b1ab251e53e1208,76
ce61527b90aae4162b21a4cdae7435e7,76
639274a16d9fa096fe30eee49e09daf6,76
80bb48c328837804e6c2850c35ae75ed,76
db27a60a75cede279d8112c00fce2fd3,76
a35eaaf00df62201de3add8f7797a168,76
6bd84c4855a1f19da15bd99e42263810,76
b62493a360cba7921d5d4b86eddbde3f,76
b62493a360cba7921d5d4b86eddbde3f,77
bc67b74526e71d2b8df31959ef66c597,77
6bd84c4855a1f19da15bd99e42263810,77
a401d3823ac68cc6ea1fe2735e99a89d,77
b6e54f83c7e18af58a3dd80fc8132c00,77
d690e60b66b6dde75411f1f7378d3b08,77
143641b4881dfe07a08e69d8f2515141,77
