recette_id,type_plat_id
2cd928400b77acd6c24939a13219cfaf,1
bed676c1e334971abe99d12f791979dc,1
90a06446142d56f68b77508e1c35e18b,1
1af18d85d8c5061312f6bec1e0c5603a,1
db372149ad7a0e0cbb2c3c6ee84f9d6b,1
48312b33fcfa96980dcb8619648805dd,1
f5dff98d7d33a0b9b5c613513324efe0,1
7019f829aa07485fcd539da71d4ca91d,2
a87e0cdbd5c95bc7bc7dfe5fd3c4e0fc,3
576d83ba39a875d073b74a9a5734e59f,3
992e3c9abbe8e82654b8c5223c97705e,3
3802f1f8e7ef792c99746a2aa5ed273c,3
a1f3d41affb0d8779b5c96f56b76385f,3
5c20bf64f100a0bcdbc32e103e622edb,3
8fa08494d1735e096c2466abd1a0be21,3
a35eaaf00df62201de3add8f7797a168,3
2e691dc7f2276eb3c8e0b971759ce141,3
8e0d9c4c97e6670c7ccd2f9ffdd83092,3
3dfaf18fb4d0e8d07fc8913bbd59cbc1,3
b63aec66352ef77fd7dc298cc4152df6,3
93f8af963c505ebff755a60dcc47b12b,3
29c48ccd4271f00e51a8aa3739da2ff9,3
0a563eedb710fe759f6631012a2415a1,3
35573da163503f747b4d7749b39f58cc,3
02613231cce54824ab7e9a7ee15c02d0,3
60cf84845f55c2a199d7808152f76bd1,3
f3bfab8aa35a2028a7bdb63c109f823e,3
70213abca7eabb45d5a24275f0687346,3
74578be5e21f87084d83035e123ea1d3,3
5c88d49b6b9e0aa136ffde073cc5eb06,3
ea277c15001fe1b01b95f72aebc11f24,3
966b0be5c5dcf57626413b7c009051bf,3
d83012b02ab36be50f56716ba0303440,3
52f227cfb8d0be77c0dab60f96a9d37f,4
04ca635d0fbeabbd635ead59afb1814a,4
db655158e0dfb7368fa529f8482e638d,5
ab62931e00e15b7057d8257c8bcd293c,5
fe146ac4241b330f83e4bdc9b02a1e84,5
443bfbd1656fef18d93b101efc219ecb,5
ba9ab052b4a0fa25dda8e596b7a29e22,5
b9324995619b89a360700ac92378873e,5
3ea21754159802a309521029adabcf2f,5
f68a2f6a1b4bff5d4037bfba2b22fce4,5
93ee0ef2cc33c60712a85d14df45dddd,5
6a7e5aaf54e8ccb2e84cf4148a0093b1,5
fc3f95b04b3e10ae201334e36bc156c7,5
1bea011483f5c4d5596793f757a39227,5
0263f0970de564e045bb5c833f8ee215,5
c6124811ac7816bbbf7bb48552fe95aa,5
d690e60b66b6dde75411f1f7378d3b08,5
42255e867812b16d9e306341923340a7,5
fdfd3d44e6552288efc341cb7286ded1,5
f4a949c09b1741477aaf6e93a021f34b,5
03e0af67de3284282dc9cc9a10a9b656,5
75917c04901d187b2fe029d59c803b7d,5
bea77e3fdabc75a638b7633f2e565d97,5
90ffd134ad22f387bf93b1e3f4b9c478,5
369c508b076cbe9df0a7917727b8a557,5
b8a7a871ef1fb33fb4de6a7f0757712e,5
9afd0768505274be8502025da2460556,5
74c38882e014388a327e9ab0acfe4416,5
2eb71d945dfed4e4bbf0c5852ae5ed6d,5
9782f0c32ebcacb45147cfa6cd938e7a,5
e6fde24e7cbb96ace7d184c8f39087be,5
1bbde49a960a655e1f7b1e975b955d9b,5
9c2560faac924ee88a0b49d184634735,5
b6c5de95206f04b26c01b6b9812d4e43,5
ce809bf4b7eb552ec3b81cc75f03a571,5
d8ff17fc9e28e5dc949ae7db04d39c66,5
a3f6d99dd93fc1d73e3329eee05bda0c,5
751cc4e749ef7a83ef23eea34b7f8b5f,5
05aa84ab2bd502425d21a3ad77b75828,5
0bc767e93133f00448f4b09fdccd4da1,5
fc64fb476900d874e0a07a5c71239f43,5
8186eb24352251de60c2e2f433926f2c,5
bf4f77a4e380d87db4e0de88ef8e3495,5
74d30020f351cb9907b7cd9654f3354a,5
df60b1707ceb83967cf35099f98903d5,5
c8cdec62c6d5c62b5242ddc1c0b5accc,5
0660cce887196b4513cc2c30f807f977,5
68c0a5d7e9b7f261ba068f2f5c0b58b9,5
be6245a5e9deeb86fa238eb3461e8ba2,5
e5b290fb49500621e9bd25590e2ea5d5,5
586aa8094a5edba91f25e909f2b15897,5
ce61527b90aae4162b21a4cdae7435e7,5
fc4798652f9a7f70bd611d396717affb,5
b82a2144895002486a7036dd2c92293e,5
5b9c4d777460d2ec2c5d28b3b6e953fc,5
c925c36594d2508f51735d19d94601e1,5
5ea8ad6006b2df249de2d03ffad7a589,5
e14e158763945f838e7f0aa5eb42d678,5
bef08ec28f787501e3369a79b02e3893,5
d9eb2ca33554fc7cc972a756a14db433,5
c9108fcf33bd95e4a3b688e99cc97283,5
4c3f563c92fedc5eae2d5f425780060b,5
047e6d6b68a9c9e91ddcd21ca301aced,5
bc6140fd7490136b5cd2301be7c32f2c,5
485af202865eedca59f59a37d2aa5f2e,5
80bb48c328837804e6c2850c35ae75ed,5
bbf074f421304bb22790a70c381b75b1,5
b8e33e715186ecf929a709baf54725da,5
a70e6b316dfc19d09a8cb4c520db1086,5
65d18568eb9f721c8b49be8dd7b7dac2,5
724d686e84c6115f1b8b3e81de621774,5
85898afe754fa301b51248ee3a5fc24b,5
0f4488cc36aa9cd12856a9b431a61f2c,5
f825f096d86daf5f524280265bca03fe,5
35ea369768c82c81a9535bbc496dd363,5
a23baed35b12050fbeb35cd1a943462a,5
4a03a0b484559e9bb4d6f02b2539696c,5
308999fa0b2033b4138ba4cbc9af6828,5
f12fd4e797cea131ae1632c6e9858a16,5
cb8f61654ee35cd0285855eec7c20da8,5
8d8fcecb066f2e926421c546900ef59d,5
3e38ddb04affd1c1fd6b34e825e3dc48,5
147464c4a0ebf083c4e9f83c98d100cd,5
0eac620cf8abfecc05b4592613bb0bf1,5
37b41da5b220f8366da1b533c4373d9e,5
6a9e55aa2e11f078638609bc7bb9162d,5
4fc36c60de093a5f74dbd85094cfe749,5
f91cdf523b87b092df7ffbb0747e0d37,5
6379e20cc57751787ac5e471731cc467,5
29c6ae88c7c4d61c6b8ca40ba3e55f63,5
ef997232c53854d89d18f444cf5c8db2,5
2dbf8b49a4d0dc34c46d991f31e526be,5
db1c3743f5aca2b30dcf7b4c56b1aea4,5
f1ec28f249b359d27149ab48d9de2a9e,5
f1ba91eda3edc3ac925207b6bde578c3,5
f1a488429dc71411eb07822f291afee6,5
d91ee6bdf618439846d0d761542fdacf,5
9c985852a9cd03d9a63dddfa17f359a9,5
3e6c37b20fd771158822f5f70807e8ba,5
27cbdc468fa035233a5e8c0ff34bae68,5
afe87c043317f21b16894afef9aaf2bc,5
8fee206f985fdeb1254cd92bb4296beb,5
08d58fe3e216a29cdb9d1647947ec233,5
3680ffaec21ed229a6984d51efcbcf4c,5
94cfa1c6debd4fb9acde75df8e6b04dc,5
bd40b044a4a425dc1ea78556adf26bbb,5
6da7f7d4a0485504d4e39cc14e43e29d,5
b20d77cb280861b2d1a868349d7bc9ea,5
234daca2adc4f88ff6a333962f89f22e,5
932b20154a94332a95577c62aa5dcb1f,5
b62493a360cba7921d5d4b86eddbde3f,5
287485923ab6da9e763c2824ed3a4f0e,5
bbb00d6626fbf69043eb8fbe6596e5fc,5
5ceb227ae04642f03711565eadd5b01c,5
d67da02487c390406f3bbc30a62fa5bd,5
e73022f66925ad75b946930133df1b99,5
a95dfd3b111f9b87ede736ceea242fe2,5
1452312ba4b4b08c162dc0c4a86d3339,5
b34c74cc98016542fecc4114ee781b2e,5
09fddb2e3c69d235f02743e01593f535,5
488e8b6674a5562c9354bde846afd8f1,5
9a84654923bc51db9ba4a580e3836722,5
717178a64f8aa02a2930c427226fa14e,5
d3df079c001e13fcba601d3977590859,5
6c1b592d177a4b2e66d9cb71c2b3b857,5
58179e1a4e7a723e89f2fd81a17abfa5,5
3d297a900683427902ae4b71492c0274,5
83314ab536f2af2ed81fb2c72ed64a27,5
a533238c0a594c8e5b609458ba1fbdae,5
8e4192e5fe2bdf7c154467dbe84724ec,5
66c76c0119b4cb8297338e0869e5b889,5
078e59c67b82852e48539fa7b4e02ffe,5
d3ebaebf6fe772e8ff6d2f8737b5fb2f,5
68c8cdd8d69a12c8b628991d5900557c,5
185e248003e7d655f7e8f6b981b2bc56,5
2e79e0ae9cb63657a1a1923c98b6fe07,5
b6e54f83c7e18af58a3dd80fc8132c00,5
e61e7c515c688012604f3c4efe38bb8d,5
b3b065df011093b18854b9c89b2311c4,5
f03efa1b1c452e10724a6661136839a9,5
8a80d31a028ce8acff219c58144cf807,5
efb9d9fe0acc8539a1aa3e440c2455e5,5
3233892ca2066afcde3197c9956a4374,5
fcd2b34d0774b85a24337e7ab4310c2f,5
8c7f46b92aa05c27039f68e03e835105,5
87276cc539d9a67b245ed7ed9525532b,5
e3cbd0940d6d7c9d0602e48b3ba23e76,5
541777103778f0ce5125f3fd3d5111be,5
53a8e33ba90432c02dd93f38286181e7,5
c53eff196597ff4de0c651afc758baf6,5
d7ee0946406f1fea1839ccd5884474b6,5
712ca2fd6d29e46cfe98cb62aa6e4166,5
fe4b3ce1106f14d7ea8822ec7406bc42,5
e0a6175fb189c1c7946598bc0f28063c,5
9bfde6fbdb827b750c8b3e4550168322,5
37b92be8e67ed758562bfe44fa3cd110,5
fd9804c6ec2c109b03856bbef74708e9,5
e057897553b97e96aef3d0258f129f99,5
6b3fd92b2dee7b7b54616a50388145eb,5
ecd39bc14cc63ae24d9ddacd4c60ae5b,5
0c556c2f27bd7000aa2627a8f0800303,5
2c2ef6e2231358187fbf6f54160ba498,5
4fe32383916b4608b915a58a50450dd2,5
9580846df14827435ca54855530f194b,5
97161968b2aae8af5ac6073c05203d32,5
ff3866dfcee38e02bedbf67320a128a2,5
6a093789059b4610df6dc3153be2175f,5
8f5c815ed7baf07a1ae5f9b01d1d6f88,5
9887eb93f4cefff6959e2d55250114de,5
aede02b54120ff951b1ab251e53e1208,5
debc57a636cf3cb56807f340810ba749,5
b8d480ed3415bcb7f9b7613973007680,5
9bfa831225bf6c6d422d8daa47820485,5
bc9926e4f43e3b003d8c52f0de2aff81,5
671d863588022ee3228630ae91bf6f09,5
8de0fd814bfa3baa6528d1d1ed91ea1e,5
dce7c43ed563bf20727cc3dc8600226a,5
14591e4d815f6c24ca726cd97ea96014,5
44de9e78de760ed9050b42f1df0730ea,5
72c3f58c5b68bda28afce59862ebce7c,5
143641b4881dfe07a08e69d8f2515141,5
393b9d2c16c794d064f1dcb78385280d,5
16e56f83ddbded506796883cd4047bbf,5
4dd9900e0075e817cb9aec0e84d3d0ad,5
88e1f0e99d98f1aa4776a2cb3ee675cf,5
1366f45e2d19195876ca3c6076855fdc,5
fc86d0b6635e1abd9975316f98d9cdfc,5
46b05f9d99a314b07792741b0bbea28b,5
342ac7440ab576aceb2265760e27ba4a,5
bf783bbcdbe214dc0c534b5aaf89586b,5
ca729e9441bfcc03a29f0ce550277bc5,5
0b4453472b37724df7158b2476d7cb63,5
50174d5fddbb46a48cd9092a5487ab55,5
9d913851b7523ae06ead81e744478b09,5
41ea7d8cbcda0696ee6c8fad898b3bb5,5
5ec9cf6f052aa7e7359de30c02ab0519,5
c2d72ea85fd569083be435ef50147f5a,5
ebf2792eea24e79ce72496fd486b1fc6,5
040ace30513cc49ca4dbd0279f27fe49,5
e78ed56d31d3db09aab1b9bb7b423f58,5
7cc30041a6738c7f36261aeaf3eedb81,5
a401d3823ac68cc6ea1fe2735e99a89d,5
c3f914490fa379671ca31138b737e94d,5
d2f8a97f6e40359d06237c68dfcc61b9,5
ef8ecdfa75f46eb9ffde0fb1905f31f4,5
ceb154a306fe39fcc15ca2a9ce00f8b0,5
90747bc6256e7c37ccf99fdfbe340490,5
fb79a9e5e3afc815d1e91a0182663f2f,5
718349f98fff7f272c4bafe1f1cc7938,5
3933b54b3541be6a094a23dca6758055,5
cec5c31dbd2661e68506516101624f73,5
c3b1a2dde673f5b47e7bc4ca95d95e2a,5
c673da0f41cf441c645405c86d294bed,5
5155a1b02d84cf60b1ef7df0236d923c,5
d9724deb7bc8ea27c6c6213513e09e10,5
5719133a190eb1925a50454f8d5e0d69,5
bab7bc0e7bfee27dc4d0ce64741086f2,5
bc67b74526e71d2b8df31959ef66c597,5
f5252e6b2e62c8e9405fa54365ce6f9b,5
deada1269016ee595c85e906c6621598,5
f6c48e817da4fd7aaded3549d542ca68,5
03c2bb7b5ac76f727cc760b017669eee,5
62c33df4d4a0066d4998ffc944c86f27,5
a0784844eda3c9d36eb3464f1b7b7b61,5
c0b4407970999e598b59f72c81acc847,5
53dd9fd99f943015a009a48bab796c34,5
3c8c02974201ba3ca44ea9b721375481,5
c86905072470b43c087b8e336e9ca561,5
83d364aeadb4a6a5f3591aa4521395c1,5
cd5959095cbf49fb0426113501ccdced,5
a5e8bacf1fab4a38dba2d3c55d75cc1a,5
16c2a4855e44c0f361bdfe9d5f628a2c,5
483fc31556e6c055d70eedb7c113fbda,5
d203eac61852299bc7b1f54f2b5df515,5
db9019c53bea7df9ec4a2e52a901fa53,5
c6097de41e0d0c6473784a0ff076c1d2,5
13daa8b8a5b8d05205f771112fe86a1f,5
6561a6202f0163243f30f53e22fae31f,5
fc7500bd2b0d2689a940b3481aadb4c7,5
d75b9d6d8bb176ec0ebaa4ae1d858aa1,5
4ba8a3f4ac8d5615d40860ac503ab788,5
9278bc178a718f00f15507428932e469,5
db3281722632c08e62cae4c31935a6f5,5
2c973dfadd20352e1eb0ab192f8ea0c7,5
b4a117a19615d1ac50d566bdcac6ef20,5
c8e2715a707fd0596f67f7fbda1bdd80,5
6d1ed772f3cf89ea868828e77cd4b864,5
cbfebd451af9c8d517e0c8d7d02132ab,5
99867a6339050f9865a7f1ed15651774,5
be4ba869d7374708cda4cefb1b5d2c51,5
b463d730c390cf3d2ab84a646ace1770,5
fecf622ca882ae30dd85f39a061be0fb,5
b13dd944f18fa01e23723a09786d4ba9,5
abb1d68732f006814f3356e8a8748755,5
148063253c99dbb3f37cb70288f074a7,5
94ecc1332249fc457842aa1f411a86f0,5
6bd84c4855a1f19da15bd99e42263810,5
5f46fdd16dd83a2d56298039cd66c5c2,5
cb3e56e1990b1cf2f46f6995f6986087,5
d26b42c34b7a915c66f95368e59389f8,5
b290829287ab66be18a3d77515c4c1b4,5
db27a60a75cede279d8112c00fce2fd3,5
0d24902ad25d6cd260b4c7fb25665fd3,5
b1ddc26e37b4ca7eada41ad390ee2087,6
4d20ce56ce89468c4eae6cc503e4d373,6
639274a16d9fa096fe30eee49e09daf6,6
6d13862f107e29b4b2ea83f824304ad9,6
